session,time,strategy,coin,event,ticker,side,contracts,price,multiplier,fee,cost,payout,pnl,result,strike,btc_price,final_value,balance_after,model_prob,edge,why,tau,yes_bid,yes_ask,mkt_prob
20260920_222952,2026-09-20T22:30:53,Model,BTC,BET,KXBTC15M-26SEP210145-45,UP,60,0.61,1.64,1.0,37.6,,,,81595.01,81647.92,,996.78,0.684,0.057,entry,846,0.59,0.6,0.595
20260920_222952,2026-09-20T22:30:53,Anti Model,BTC,BET,KXBTC15M-26SEP210145-45,DOWN,86,0.42,2.38,1.47,37.59,,,,81595.01,81647.92,,995.36,0.316,-0.121,entry,846,0.59,0.6,0.595
20260920_222952,2026-09-20T22:31:00,Model,ETH,BET,KXETH15M-26SEP210145-45,DOWN,50,0.38,2.63,0.83,19.83,,,,2669.76,2670.71,,995.36,0.447,0.051,entry,839,0.63,0.64,0.635
20260920_222952,2026-09-20T22:31:00,Anti Model,ETH,BET,KXETH15M-26SEP210145-45,UP,29,0.65,1.54,0.47,19.32,,,,2669.76,2670.71,,992.14,0.553,-0.113,entry,839,0.63,0.64,0.635
20260920_222952,2026-09-20T22:31:13,Model,BTC,BET,KXBTC15M-26SEP210145-45,UP,66,0.72,1.39,0.94,48.46,,,,81595.01,81689.99,,995.19,0.789,0.055,entry,826,0.7,0.71,0.705
20260920_222952,2026-09-20T22:31:13,Anti Model,BTC,BET,KXBTC15M-26SEP210145-45,DOWN,149,0.31,3.23,2.24,48.43,,,,81595.01,81689.99,,978.69,0.211,-0.114,entry,826,0.7,0.71,0.705
20260920_222952,2026-09-20T22:31:17,Model,XRP,BET,KXXRP15M-26SEP210145-45,UP,54,0.69,1.45,0.81,38.07,,,,1.4237,1.4258,,991.11,0.756,0.051,entry,822,0.66,0.68,0.67
20260920_222952,2026-09-20T22:31:17,Anti Model,XRP,BET,KXXRP15M-26SEP210145-45,DOWN,67,0.35,2.86,1.07,24.52,,,,1.4237,1.4258,,976.56,0.244,-0.122,entry,822,0.66,0.68,0.67
20260920_222952,2026-09-20T22:31:41,Model,BTC,BET,KXBTC15M-26SEP210145-45,UP,86,0.77,1.3,1.07,67.29,,,,81595.01,81715.5,,994.91,0.851,0.069,entry,798,0.75,0.76,0.755
20260920_222952,2026-09-20T22:31:41,Anti Model,BTC,BET,KXBTC15M-26SEP210145-45,DOWN,246,0.26,3.85,3.32,67.28,,,,81595.01,81715.5,,950.36,0.149,-0.124,entry,798,0.75,0.76,0.755
20260920_222952,2026-09-20T22:32:24,Model,XRP,BET,KXXRP15M-26SEP210145-45,UP,29,0.68,1.47,0.45,20.17,,,,1.4237,1.4258,,986.28,0.747,0.052,entry,755,0.66,0.67,0.665
20260920_222952,2026-09-20T22:32:24,Anti Model,XRP,BET,KXXRP15M-26SEP210145-45,DOWN,13,0.35,2.86,0.21,4.76,,,,1.4237,1.4258,,975.9,0.253,-0.113,entry,755,0.66,0.67,0.665
20260920_222952,2026-09-20T22:34:00,Lottery,XRP,BET,KXXRP15M-26SEP210145-45,DOWN,47,0.08,12.82,0.24,3.91,,,,1.4237,1.4315,,999.21,0.233,0.15,entry,660,0.927,0.929,0.928
20260920_222952,2026-09-20T22:34:00,Anti Lottery,XRP,BET,KXXRP15M-26SEP210145-45,UP,4,0.94,1.06,0.02,3.78,,,,1.4237,1.4315,,999.91,0.767,-0.176,entry,660,0.927,0.929,0.928
20260920_222952,2026-09-20T22:35:03,Lottery,DOGE,BET,KXDOGE15M-26SEP210145-45,DOWN,34,0.07,14.93,0.15,2.43,,,,0.088635,0.08906,,997.72,0.194,0.123,entry,597,0.938,0.941,0.94
20260920_222952,2026-09-20T22:35:03,Anti Lottery,DOGE,BET,KXDOGE15M-26SEP210145-45,UP,2,0.95,1.05,0.01,1.91,,,,0.088635,0.08906,,999.95,0.806,-0.148,entry,597,0.938,0.941,0.94
20260920_222952,2026-09-20T22:36:07,Model,DOGE,BET,KXDOGE15M-26SEP210145-45,DOWN,25,0.17,5.88,0.25,4.5,,,,0.088635,0.08883,,1035.09,0.232,0.053,entry,532,0.84,0.85,0.845
20260920_222952,2026-09-20T22:36:07,Anti Model,DOGE,BET,KXDOGE15M-26SEP210145-45,UP,5,0.86,1.16,0.05,4.35,,,,0.088635,0.08883,,884.49,0.768,-0.1,entry,532,0.84,0.85,0.845
20260920_222952,2026-09-20T22:36:08,Value,DOGE,BET,KXDOGE15M-26SEP210145-45,DOWN,1,0.17,5.88,0.01,0.18,,,,0.088635,0.0888,,999.96,0.211,0.032,entry,531,0.84,0.85,0.845
20260920_222952,2026-09-20T22:36:08,Scalper,DOGE,BET,KXDOGE15M-26SEP210145-45,DOWN,1,0.17,5.88,0.01,0.18,,,,0.088635,0.0888,,999.96,0.211,0.032,entry,531,0.84,0.85,0.845
20260920_222952,2026-09-20T22:36:46,Model,DOGE,BET,KXDOGE15M-26SEP210145-45,DOWN,1,0.32,3.12,0.02,0.34,,,,0.088635,0.0887,,1038.77,0.402,0.067,entry,493,0.69,0.7,0.695
20260920_222952,2026-09-20T22:37:11,Model,DOGE,BET,KXDOGE15M-26SEP210145-45,DOWN,38,0.34,2.94,0.6,13.52,,,,0.088635,0.08869,,1027.49,0.415,0.059,entry,468,0.67,0.68,0.675
20260920_222952,2026-09-20T22:37:11,Anti Model,DOGE,BET,KXDOGE15M-26SEP210145-45,UP,1,0.69,1.45,0.02,0.71,,,,0.088635,0.08869,,914.75,0.585,-0.12,entry,468,0.67,0.68,0.675
20260920_222952,2026-09-20T22:38:17,Scalper,DOGE,BET,KXDOGE15M-26SEP210145-45,DOWN,10,0.21,4.76,0.12,2.22,,,,0.088635,0.08877,,999.56,0.252,0.03,entry,403,0.8,0.81,0.805
20260920_222952,2026-09-20T22:38:17,Anti Scalper,DOGE,BET,KXDOGE15M-26SEP210145-45,UP,2,0.82,1.22,0.03,1.67,,,,0.088635,0.08877,,999.9,0.748,-0.082,entry,403,0.8,0.81,0.805
20260920_222952,2026-09-20T22:40:02,Scalper,DOGE,BET,KXDOGE15M-26SEP210145-45,DOWN,30,0.48,2.08,0.53,14.93,,,,0.088635,0.08857,,1000.8,0.54,0.043,entry,298,0.53,0.54,0.535
20260920_222952,2026-09-20T22:40:02,Anti Scalper,DOGE,BET,KXDOGE15M-26SEP210145-45,UP,15,0.55,1.82,0.26,8.51,,,,0.088635,0.08857,,998.52,0.46,-0.107,entry,298,0.53,0.54,0.535
20260920_222952,2026-09-20T22:40:10,Scalper,DOGE,BET,KXDOGE15M-26SEP210145-45,DOWN,32,0.44,2.27,0.56,14.64,,,,0.088635,0.08857,,997.42,0.521,0.064,entry,289,0.57,0.58,0.575
20260920_222952,2026-09-20T22:40:10,Anti Scalper,DOGE,BET,KXDOGE15M-26SEP210145-45,UP,10,0.59,1.69,0.17,6.07,,,,0.088635,0.08857,,998.66,0.479,-0.128,entry,289,0.57,0.58,0.575
20260920_222952,2026-09-20T22:40:18,Scalper,DOGE,BET,KXDOGE15M-26SEP210145-45,DOWN,5,0.49,2.04,0.09,2.54,,,,0.088635,0.08857,,1000.77,0.547,0.04,entry,281,0.52,0.53,0.525
20260920_222952,2026-09-20T22:40:18,Anti Scalper,DOGE,BET,KXDOGE15M-26SEP210145-45,UP,4,0.54,1.85,0.07,2.23,,,,0.088635,0.08857,,997.08,0.453,-0.104,entry,281,0.52,0.53,0.525
20260920_222952,2026-09-20T22:40:26,Scalper,DOGE,BET,KXDOGE15M-26SEP210145-45,DOWN,4,0.44,2.27,0.07,1.83,,,,0.088635,0.08857,,995.87,0.521,0.063,entry,273,0.57,0.59,0.58
20260920_222952,2026-09-20T22:40:26,Anti Scalper,DOGE,BET,KXDOGE15M-26SEP210145-45,UP,2,0.6,1.67,0.04,1.24,,,,0.088635,0.08857,,998.5,0.479,-0.138,entry,273,0.57,0.59,0.58
20260920_222952,2026-09-20T22:40:40,Scalper,DOGE,BET,KXDOGE15M-26SEP210145-45,DOWN,29,0.34,2.94,0.46,10.32,,,,0.088635,0.08866,,987.13,0.387,0.032,entry,259,0.67,0.68,0.675
20260920_222952,2026-09-20T22:40:40,Anti Scalper,DOGE,BET,KXDOGE15M-26SEP210145-45,UP,14,0.69,1.45,0.21,9.87,,,,0.088635,0.08866,,1001.13,0.613,-0.092,entry,259,0.67,0.68,0.675
20260920_222952,2026-09-20T22:40:56,Scalper,DOGE,BET,KXDOGE15M-26SEP210145-45,DOWN,22,0.38,2.63,0.37,8.73,,,,0.088635,0.08863,,990.3,0.438,0.041,entry,243,0.63,0.64,0.635
20260920_222952,2026-09-20T22:41:18,Favorite,SOL,BET,KXSOL15M-26SEP210145-45,DOWN,76,0.64,1.56,1.23,49.87,,,,111.9588,111.84,,995.99,0.725,0.069,entry,221,0.37,0.38,0.375
20260920_222952,2026-09-20T22:41:18,Anti Favorite,SOL,BET,KXSOL15M-26SEP210145-45,UP,1,0.39,2.56,0.02,0.41,,,,111.9588,111.84,,999.94,0.275,-0.132,entry,221,0.37,0.38,0.375
20260920_222952,2026-09-20T22:41:19,Favorite,ETH,BET,KXETH15M-26SEP210145-45,DOWN,7,0.87,1.15,0.06,6.15,,,,2669.76,2666.63,,995.72,0.881,0.003,entry,220,0.14,0.15,0.145
20260920_222952,2026-09-20T22:41:19,Anti Favorite,ETH,BET,KXETH15M-26SEP210145-45,UP,36,0.16,6.25,0.34,6.1,,,,2669.76,2666.63,,998.57,0.119,-0.05,entry,220,0.14,0.15,0.145
20260920_222952,2026-09-20T22:42:30,Late,BTC,BET,KXBTC15M-26SEP210145-45,DOWN,40,0.38,2.63,0.66,15.86,,,,81595.01,81605.49,,997.89,0.435,0.039,entry,150,0.63,0.64,0.635
20260920_222952,2026-09-20T22:42:30,Anti Late,BTC,BET,KXBTC15M-26SEP210145-45,UP,23,0.65,1.54,0.37,15.32,,,,81595.01,81605.49,,998.79,0.565,-0.101,entry,150,0.63,0.64,0.635
20260920_222952,2026-09-20T22:42:35,Late,DOGE,BET,KXDOGE15M-26SEP210145-45,UP,49,0.48,2.08,0.86,24.38,,,,0.088635,0.08865,,993.85,0.548,0.05,entry,145,0.4,0.47,0.435
20260920_222952,2026-09-20T22:42:35,Anti Late,DOGE,BET,KXDOGE15M-26SEP210145-45,DOWN,5,0.61,1.64,0.09,3.14,,,,0.088635,0.08865,,997.28,0.452,-0.175,entry,145,0.4,0.47,0.435
20260920_222952,2026-09-20T22:42:41,Scalper,DOGE,SOLD,KXDOGE15M-26SEP210145-45,DOWN,1,0.57,5.88,0.01,0.18,0.55,0.37,,0.088635,0.08865,,1018.11,0.211,0.032,value,139,0.39,0.42,0.405
20260920_222952,2026-09-20T22:42:41,Scalper,DOGE,SOLD,KXDOGE15M-26SEP210145-45,DOWN,10,0.57,4.76,0.12,2.22,5.52,3.3,,0.088635,0.08865,,1018.11,0.252,0.03,value,139,0.39,0.42,0.405
20260920_222952,2026-09-20T22:42:41,Scalper,DOGE,SOLD,KXDOGE15M-26SEP210145-45,DOWN,30,0.57,2.08,0.53,14.93,16.58,1.65,,0.088635,0.08865,,1018.11,0.54,0.043,value,139,0.39,0.42,0.405
20260920_222952,2026-09-20T22:42:41,Scalper,DOGE,SOLD,KXDOGE15M-26SEP210145-45,DOWN,32,0.57,2.27,0.56,14.64,17.69,3.05,,0.088635,0.08865,,1018.11,0.521,0.064,value,139,0.39,0.42,0.405
20260920_222952,2026-09-20T22:42:41,Scalper,DOGE,SOLD,KXDOGE15M-26SEP210145-45,DOWN,5,0.57,2.04,0.09,2.54,2.76,0.22,,0.088635,0.08865,,1018.11,0.547,0.04,value,139,0.39,0.42,0.405
20260920_222952,2026-09-20T22:42:41,Scalper,DOGE,SOLD,KXDOGE15M-26SEP210145-45,DOWN,4,0.57,2.27,0.07,1.83,2.21,0.38,,0.088635,0.08865,,1018.11,0.521,0.063,value,139,0.39,0.42,0.405
20260920_222952,2026-09-20T22:42:41,Scalper,DOGE,SOLD,KXDOGE15M-26SEP210145-45,DOWN,29,0.57,2.94,0.46,10.32,16.03,5.71,,0.088635,0.08865,,1018.11,0.387,0.032,value,139,0.39,0.42,0.405
20260920_222952,2026-09-20T22:42:41,Scalper,DOGE,SOLD,KXDOGE15M-26SEP210145-45,DOWN,22,0.57,2.63,0.37,8.73,12.16,3.43,,0.088635,0.08865,,1018.11,0.438,0.041,value,139,0.39,0.42,0.405
20260920_222952,2026-09-20T22:42:41,Anti Scalper,DOGE,SOLD,KXDOGE15M-26SEP210145-45,UP,2,0.38,1.22,0.03,1.67,0.72,-0.95,,0.088635,0.08865,,987.46,0.748,-0.082,mirror,139,0.39,0.42,0.405
20260920_222952,2026-09-20T22:42:41,Anti Scalper,DOGE,SOLD,KXDOGE15M-26SEP210145-45,UP,15,0.38,1.82,0.26,8.51,5.45,-3.06,,0.088635,0.08865,,987.46,0.46,-0.107,mirror,139,0.39,0.42,0.405
20260920_222952,2026-09-20T22:42:41,Anti Scalper,DOGE,SOLD,KXDOGE15M-26SEP210145-45,UP,10,0.38,1.69,0.17,6.07,3.63,-2.44,,0.088635,0.08865,,987.46,0.479,-0.128,mirror,139,0.39,0.42,0.405
20260920_222952,2026-09-20T22:42:41,Anti Scalper,DOGE,SOLD,KXDOGE15M-26SEP210145-45,UP,4,0.38,1.85,0.07,2.23,1.45,-0.78,,0.088635,0.08865,,987.46,0.453,-0.104,mirror,139,0.39,0.42,0.405
20260920_222952,2026-09-20T22:42:41,Anti Scalper,DOGE,SOLD,KXDOGE15M-26SEP210145-45,UP,2,0.38,1.67,0.04,1.24,0.72,-0.52,,0.088635,0.08865,,987.46,0.479,-0.138,mirror,139,0.39,0.42,0.405
20260920_222952,2026-09-20T22:42:41,Anti Scalper,DOGE,SOLD,KXDOGE15M-26SEP210145-45,UP,14,0.38,1.45,0.21,9.87,5.08,-4.79,,0.088635,0.08865,,987.46,0.613,-0.092,mirror,139,0.39,0.42,0.405
20260920_222952,2026-09-20T22:42:43,Scalper,DOGE,BET,KXDOGE15M-26SEP210145-45,UP,37,0.39,2.56,0.62,15.05,,,,0.088635,0.08865,,1014.69,0.452,0.046,entry,137,0.33,0.38,0.355
20260920_222952,2026-09-20T22:42:43,Anti Scalper,DOGE,BET,KXDOGE15M-26SEP210145-45,DOWN,5,0.68,1.47,0.08,3.48,,,,0.088635,0.08865,,986.99,0.548,-0.147,entry,137,0.33,0.38,0.355
20260920_222952,2026-09-20T22:42:51,Late,BTC,BET,KXBTC15M-26SEP210145-45,DOWN,70,0.41,2.44,1.19,29.89,,,,81595.01,81597.79,,980.18,0.499,0.072,entry,129,0.6,0.61,0.605
20260920_222952,2026-09-20T22:42:51,Anti Late,BTC,BET,KXBTC15M-26SEP210145-45,UP,46,0.62,1.61,0.76,29.28,,,,81595.01,81597.79,,996.17,0.501,-0.135,entry,129,0.6,0.61,0.605
20260920_222952,2026-09-20T22:42:57,Value,BTC,BET,KXBTC15M-26SEP210145-45,DOWN,32,0.38,2.63,0.53,12.69,,,,81595.01,81598.69,,998.86,0.427,0.031,entry,123,0.63,0.64,0.635
20260920_222952,2026-09-20T22:42:57,Anti Value,BTC,BET,KXBTC15M-26SEP210145-45,UP,19,0.65,1.54,0.31,12.66,,,,81595.01,81598.69,,998.99,0.573,-0.093,entry,123,0.63,0.64,0.635
20260920_222952,2026-09-20T22:42:57,Scalper,BTC,BET,KXBTC15M-26SEP210145-45,DOWN,32,0.38,2.63,0.53,12.69,,,,81595.01,81598.69,,1009.42,0.427,0.031,entry,123,0.63,0.64,0.635
20260920_222952,2026-09-20T22:42:57,Anti Scalper,BTC,BET,KXBTC15M-26SEP210145-45,UP,19,0.65,1.54,0.31,12.66,,,,81595.01,81598.69,,986.65,0.573,-0.093,entry,123,0.63,0.64,0.635
20260920_222952,2026-09-20T22:42:59,Favorite,DOGE,BET,KXDOGE15M-26SEP210145-45,DOWN,9,0.76,1.32,0.12,6.96,,,,0.088635,0.08855,,1017.42,0.78,0.007,entry,121,0.25,0.27,0.26
20260920_222952,2026-09-20T22:42:59,Anti Favorite,DOGE,BET,KXDOGE15M-26SEP210145-45,UP,5,0.28,3.57,0.08,1.48,,,,0.088635,0.08855,,993.88,0.22,-0.074,entry,121,0.25,0.27,0.26
20260920_222952,2026-09-20T22:43:08,Late,DOGE,BET,KXDOGE15M-26SEP210145-45,UP,5,0.21,4.76,0.06,1.11,,,,0.088635,0.08858,,974.1,0.298,0.076,entry,112,0.19,0.2,0.195
20260920_222952,2026-09-20T22:43:08,Anti Late,DOGE,BET,KXDOGE15M-26SEP210145-45,DOWN,1,0.82,1.22,0.02,0.84,,,,0.088635,0.08858,,999.88,0.702,-0.128,entry,112,0.19,0.2,0.195
20260920_222952,2026-09-20T22:43:09,Late,SOL,BET,KXSOL15M-26SEP210145-45,UP,35,0.1,9.62,0.23,3.87,,,,111.9588,111.84,,973.27,0.151,0.04,entry,111,0.093,0.094,0.093
20260920_222952,2026-09-20T22:43:09,Anti Late,SOL,BET,KXSOL15M-26SEP210145-45,DOWN,3,0.92,1.09,0.02,2.77,,,,111.9588,111.84,,999.75,0.849,-0.073,entry,111,0.093,0.094,0.093
20260920_222952,2026-09-20T22:43:10,Scalper,BTC,BET,KXBTC15M-26SEP210145-45,DOWN,34,0.34,2.94,0.54,12.1,,,,81595.01,81602.36,,1005.01,0.387,0.032,entry,110,0.67,0.68,0.675
20260920_222952,2026-09-20T22:43:10,Anti Scalper,BTC,BET,KXBTC15M-26SEP210145-45,UP,17,0.69,1.45,0.26,11.99,,,,81595.01,81602.36,,986.77,0.613,-0.092,entry,110,0.67,0.68,0.675
20260920_222952,2026-09-20T22:43:17,Value,SOL,BET,KXSOL15M-26SEP210145-45,UP,10,0.2,5.0,0.12,2.12,,,,111.9588,111.9,,994.4,0.254,0.042,entry,103,0.18,0.19,0.185
20260920_222952,2026-09-20T22:43:17,Anti Value,SOL,BET,KXSOL15M-26SEP210145-45,DOWN,2,0.83,1.2,0.02,1.68,,,,111.9588,111.9,,1001.44,0.746,-0.094,entry,103,0.18,0.19,0.185
20260920_222952,2026-09-20T22:43:17,Model,SOL,BET,KXSOL15M-26SEP210145-45,UP,1,0.2,5.0,0.02,0.22,,,,111.9588,111.9,,1087.56,0.322,0.111,entry,103,0.18,0.19,0.185
20260920_222952,2026-09-20T22:43:17,Scalper,SOL,BET,KXSOL15M-26SEP210145-45,UP,10,0.2,5.0,0.12,2.12,,,,111.9588,111.9,,999.88,0.254,0.042,entry,103,0.18,0.19,0.185
20260920_222952,2026-09-20T22:43:17,Anti Scalper,SOL,BET,KXSOL15M-26SEP210145-45,DOWN,2,0.83,1.2,0.02,1.68,,,,111.9588,111.9,,989.86,0.746,-0.094,entry,103,0.18,0.19,0.185
20260920_222952,2026-09-20T22:43:18,Scalper,BTC,BET,KXBTC15M-26SEP210145-45,DOWN,57,0.24,4.17,0.73,14.41,,,,81595.01,81605.47,,996.34,0.319,0.066,entry,102,0.77,0.78,0.775
20260920_222952,2026-09-20T22:43:18,Anti Scalper,BTC,BET,KXBTC15M-26SEP210145-45,UP,17,0.79,1.27,0.2,13.63,,,,81595.01,81605.47,,989.52,0.681,-0.121,entry,102,0.77,0.78,0.775
20260920_222952,2026-09-20T22:43:21,Scalper,DOGE,BET,KXDOGE15M-26SEP210145-45,UP,30,0.17,5.88,0.3,5.4,,,,0.088635,0.08858,,1006.04,0.215,0.035,entry,99,0.14,0.16,0.15
20260920_222952,2026-09-20T22:43:21,Anti Scalper,DOGE,BET,KXDOGE15M-26SEP210145-45,DOWN,6,0.87,1.15,0.05,5.27,,,,0.088635,0.08858,,983.2,0.785,-0.093,entry,99,0.14,0.16,0.15
20260920_222952,2026-09-20T22:43:26,Scalper,BTC,BET,KXBTC15M-26SEP210145-45,DOWN,42,0.24,4.17,0.54,10.62,,,,81595.01,81610.52,,992.88,0.287,0.034,entry,94,0.77,0.78,0.775
20260920_222952,2026-09-20T22:43:26,Anti Scalper,BTC,BET,KXBTC15M-26SEP210145-45,UP,13,0.79,1.27,0.16,10.43,,,,81595.01,81610.52,,988.46,0.713,-0.089,entry,94,0.77,0.78,0.775
20260920_222952,2026-09-20T22:43:29,Late,SOL,BET,KXSOL15M-26SEP210145-45,UP,10,0.16,6.25,0.1,1.7,,,,111.9588,111.88,,958.03,0.233,0.064,entry,91,0.14,0.15,0.145
20260920_222952,2026-09-20T22:43:29,Anti Late,SOL,BET,KXSOL15M-26SEP210145-45,DOWN,1,0.87,1.15,0.01,0.88,,,,111.9588,111.88,,1008.37,0.767,-0.111,entry,91,0.14,0.15,0.145
20260920_222952,2026-09-20T22:43:32,Scalper,SOL,BET,KXSOL15M-26SEP210145-45,UP,23,0.07,14.08,0.11,1.74,,,,111.9588,111.86,,1000.41,0.112,0.036,entry,88,0.06,0.061,0.06
20260920_222952,2026-09-20T22:43:32,Anti Scalper,SOL,BET,KXSOL15M-26SEP210145-45,DOWN,1,0.95,1.05,0.01,0.96,,,,111.9588,111.86,,983.82,0.888,-0.065,entry,88,0.06,0.061,0.06
20260920_222952,2026-09-20T22:43:32,Scalper,DOGE,BET,KXDOGE15M-26SEP210145-45,UP,92,0.13,7.69,0.73,12.69,,,,0.088635,0.08858,,994.92,0.184,0.046,entry,88,0.099,0.12,0.11
20260920_222952,2026-09-20T22:43:32,Anti Scalper,DOGE,BET,KXDOGE15M-26SEP210145-45,DOWN,13,0.91,1.1,0.08,11.92,,,,0.088635,0.08858,,983.7,0.816,-0.101,entry,88,0.099,0.12,0.11
20260920_222952,2026-09-20T22:43:38,Scalper,BTC,BET,KXBTC15M-26SEP210145-45,DOWN,30,0.36,2.78,0.49,11.29,,,,81595.01,81599.96,,996.77,0.407,0.031,entry,82,0.65,0.66,0.655
20260920_222952,2026-09-20T22:43:38,Anti Scalper,BTC,BET,KXBTC15M-26SEP210145-45,UP,16,0.67,1.49,0.25,10.97,,,,81595.01,81599.96,,981.06,0.593,-0.092,entry,82,0.65,0.66,0.655
20260920_222952,2026-09-20T22:43:47,Scalper,SOL,BET,KXSOL15M-26SEP210145-45,UP,132,0.06,15.87,0.55,8.87,,,,111.9588,111.87,,1009.8,0.103,0.036,entry,73,0.052,0.053,0.052
20260920_222952,2026-09-20T22:43:47,Anti Scalper,SOL,BET,KXSOL15M-26SEP210145-45,DOWN,3,0.96,1.04,0.01,2.88,,,,111.9588,111.87,,975.72,0.897,-0.064,entry,73,0.052,0.053,0.052
20260920_222952,2026-09-20T22:43:49,Scalper,BTC,BET,KXBTC15M-26SEP210145-45,DOWN,38,0.34,2.94,0.6,13.52,,,,81595.01,81599.96,,990.82,0.395,0.039,entry,71,0.67,0.68,0.675
20260920_222952,2026-09-20T22:43:49,Anti Scalper,BTC,BET,KXBTC15M-26SEP210145-45,UP,10,0.69,1.45,0.15,7.05,,,,81595.01,81599.96,,982.04,0.605,-0.1,entry,71,0.67,0.68,0.675
20260920_222952,2026-09-20T22:43:56,Scalper,SOL,BET,KXSOL15M-26SEP210145-45,UP,28,0.09,11.36,0.16,2.62,,,,111.9588,111.89,,965.28,0.134,0.04,entry,64,0.072,0.078,0.075
20260920_222952,2026-09-20T22:43:56,Anti Scalper,SOL,BET,KXSOL15M-26SEP210145-45,DOWN,2,0.94,1.07,0.01,1.89,,,,111.9588,111.89,,991.35,0.866,-0.076,entry,64,0.072,0.078,0.075
20260920_222952,2026-09-20T22:43:57,Scalper,BTC,BET,KXBTC15M-26SEP210145-45,DOWN,66,0.19,5.26,0.72,13.26,,,,81595.01,81606.55,,949.18,0.262,0.061,entry,63,0.82,0.83,0.825
20260920_222952,2026-09-20T22:43:57,Anti Scalper,BTC,BET,KXBTC15M-26SEP210145-45,UP,1,0.84,1.19,0.01,0.85,,,,81595.01,81606.55,,997.1,0.738,-0.111,entry,63,0.82,0.83,0.825
20260920_222952,2026-09-20T22:44:06,Scalper,BTC,BET,KXBTC15M-26SEP210145-45,DOWN,135,0.09,10.87,0.79,13.21,,,,81595.01,81610.53,,911.72,0.167,0.07,entry,54,0.918,0.919,0.919
20260920_222952,2026-09-20T22:44:06,Anti Scalper,BTC,BET,KXBTC15M-26SEP210145-45,UP,14,0.93,1.08,0.07,13.08,,,,81595.01,81610.53,,1007.32,0.833,-0.101,entry,54,0.918,0.919,0.919
20260920_222952,2026-09-20T22:45:01,Model,ETH,SETTLED,KXETH15M-26SEP210145-45,DOWN,50,0.38,2.63,0.83,19.83,50.0,30.17,no,2669.76,2667.1,2666.81,1158.78,0.447,0.051,,-2,0.0,0.001,0.001
20260920_222952,2026-09-20T22:45:01,Favorite,ETH,SETTLED,KXETH15M-26SEP210145-45,DOWN,7,0.87,1.15,0.06,6.15,7.0,0.85,no,2669.76,2667.1,2666.81,1028.91,0.881,0.003,,-2,0.0,0.001,0.001
20260920_222952,2026-09-20T22:45:01,Anti Model,ETH,SETTLED,KXETH15M-26SEP210145-45,UP,29,0.65,1.54,0.47,19.32,0.0,-19.32,no,2669.76,2667.1,2666.81,980.68,0.553,-0.113,,-2,0.0,0.001,0.001
20260920_222952,2026-09-20T22:45:01,Anti Favorite,ETH,SETTLED,KXETH15M-26SEP210145-45,UP,36,0.16,6.25,0.34,6.1,0.0,-6.1,no,2669.76,2667.1,2666.81,993.9,0.119,-0.05,,-2,0.0,0.001,0.001
20260920_222952,2026-09-20T22:45:02,Value,SOL,SETTLED,KXSOL15M-26SEP210145-45,UP,10,0.2,5.0,0.12,2.12,0.0,-2.12,no,111.9588,111.91,111.9007,998.69,0.254,0.042,,-3,0.0,0.001,0.001
20260920_222952,2026-09-20T22:45:02,Model,SOL,SETTLED,KXSOL15M-26SEP210145-45,UP,1,0.2,5.0,0.02,0.22,0.0,-0.22,no,111.9588,111.91,111.9007,1158.56,0.322,0.111,,-3,0.0,0.001,0.001
20260920_222952,2026-09-20T22:45:02,Late,SOL,SETTLED,KXSOL15M-26SEP210145-45,UP,35,0.1,9.62,0.23,3.87,0.0,-3.87,no,111.9588,111.91,111.9007,994.43,0.151,0.04,,-3,0.0,0.001,0.001
20260920_222952,2026-09-20T22:45:02,Late,SOL,SETTLED,KXSOL15M-26SEP210145-45,UP,10,0.16,6.25,0.1,1.7,0.0,-1.7,no,111.9588,111.91,111.9007,994.43,0.233,0.064,,-3,0.0,0.001,0.001
20260920_222952,2026-09-20T22:45:02,Scalper,SOL,SETTLED,KXSOL15M-26SEP210145-45,UP,10,0.2,5.0,0.12,2.12,0.0,-2.12,no,111.9588,111.91,111.9007,1002.76,0.254,0.042,,-3,0.0,0.001,0.001
20260920_222952,2026-09-20T22:45:02,Scalper,SOL,SETTLED,KXSOL15M-26SEP210145-45,UP,23,0.07,14.08,0.11,1.74,0.0,-1.74,no,111.9588,111.91,111.9007,1002.76,0.112,0.036,,-3,0.0,0.001,0.001
20260920_222952,2026-09-20T22:45:02,Scalper,SOL,SETTLED,KXSOL15M-26SEP210145-45,UP,132,0.06,15.87,0.55,8.87,0.0,-8.87,no,111.9588,111.91,111.9007,1002.76,0.103,0.036,,-3,0.0,0.001,0.001
20260920_222952,2026-09-20T22:45:02,Scalper,SOL,SETTLED,KXSOL15M-26SEP210145-45,UP,28,0.09,11.36,0.16,2.62,0.0,-2.62,no,111.9588,111.91,111.9007,1002.76,0.134,0.04,,-3,0.0,0.001,0.001
20260920_222952,2026-09-20T22:45:02,Favorite,SOL,SETTLED,KXSOL15M-26SEP210145-45,DOWN,76,0.64,1.56,1.23,49.87,76.0,26.13,no,111.9588,111.91,111.9007,1029.0,0.725,0.069,,-3,0.0,0.001,0.001
20260920_222952,2026-09-20T22:45:02,Anti Value,SOL,SETTLED,KXSOL15M-26SEP210145-45,DOWN,2,0.83,1.2,0.02,1.68,2.0,0.32,no,111.9588,111.91,111.9007,1006.63,0.746,-0.094,,-3,0.0,0.001,0.001
20260920_222952,2026-09-20T22:45:02,Anti Late,SOL,SETTLED,KXSOL15M-26SEP210145-45,DOWN,3,0.92,1.09,0.02,2.77,3.0,0.23,no,111.9588,111.91,111.9007,1026.65,0.849,-0.073,,-3,0.0,0.001,0.001
20260920_222952,2026-09-20T22:45:02,Anti Late,SOL,SETTLED,KXSOL15M-26SEP210145-45,DOWN,1,0.87,1.15,0.01,0.88,1.0,0.12,no,111.9588,111.91,111.9007,1026.65,0.767,-0.111,,-3,0.0,0.001,0.001
20260920_222952,2026-09-20T22:45:02,Anti Scalper,SOL,SETTLED,KXSOL15M-26SEP210145-45,DOWN,2,0.83,1.2,0.02,1.68,2.0,0.32,no,111.9588,111.91,111.9007,1017.48,0.746,-0.094,,-3,0.0,0.001,0.001
20260920_222952,2026-09-20T22:45:02,Anti Scalper,SOL,SETTLED,KXSOL15M-26SEP210145-45,DOWN,1,0.95,1.05,0.01,0.96,1.0,0.04,no,111.9588,111.91,111.9007,1017.48,0.888,-0.065,,-3,0.0,0.001,0.001
20260920_222952,2026-09-20T22:45:02,Anti Scalper,SOL,SETTLED,KXSOL15M-26SEP210145-45,DOWN,3,0.96,1.04,0.01,2.88,3.0,0.12,no,111.9588,111.91,111.9007,1017.48,0.897,-0.064,,-3,0.0,0.001,0.001
20260920_222952,2026-09-20T22:45:02,Anti Scalper,SOL,SETTLED,KXSOL15M-26SEP210145-45,DOWN,2,0.94,1.07,0.01,1.89,2.0,0.11,no,111.9588,111.91,111.9007,1017.48,0.866,-0.076,,-3,0.0,0.001,0.001
20260920_222952,2026-09-20T22:45:02,Anti Favorite,SOL,SETTLED,KXSOL15M-26SEP210145-45,UP,1,0.39,2.56,0.02,0.41,0.0,-0.41,no,111.9588,111.91,111.9007,993.49,0.275,-0.132,,-3,0.0,0.001,0.001
20260920_222952,2026-09-20T22:45:06,Model,XRP,SETTLED,KXXRP15M-26SEP210145-45,UP,54,0.69,1.45,0.81,38.07,54.0,15.93,yes,1.4237,1.429,1.4290,1158.66,0.756,0.051,,-7,0.999,0.0,0.499
20260920_222952,2026-09-20T22:45:06,Model,XRP,SETTLED,KXXRP15M-26SEP210145-45,UP,29,0.68,1.47,0.45,20.17,29.0,8.83,yes,1.4237,1.429,1.4290,1158.66,0.747,0.052,,-7,0.999,0.0,0.499
20260920_222952,2026-09-20T22:45:06,Lottery,XRP,SETTLED,KXXRP15M-26SEP210145-45,DOWN,47,0.08,12.82,0.24,3.91,0.0,-3.91,yes,1.4237,1.429,1.4290,1027.62,0.233,0.15,,-7,0.999,0.0,0.499
20260920_222952,2026-09-20T22:45:06,Anti Model,XRP,SETTLED,KXXRP15M-26SEP210145-45,DOWN,67,0.35,2.86,1.07,24.52,0.0,-24.52,yes,1.4237,1.429,1.4290,951.4,0.244,-0.122,,-7,0.999,0.0,0.499
20260920_222952,2026-09-20T22:45:06,Anti Model,XRP,SETTLED,KXXRP15M-26SEP210145-45,DOWN,13,0.35,2.86,0.21,4.76,0.0,-4.76,yes,1.4237,1.429,1.4290,951.4,0.253,-0.113,,-7,0.999,0.0,0.499
20260920_222952,2026-09-20T22:45:06,Anti Lottery,XRP,SETTLED,KXXRP15M-26SEP210145-45,UP,4,0.94,1.06,0.02,3.78,4.0,0.22,yes,1.4237,1.429,1.4290,1000.22,0.767,-0.176,,-7,0.999,0.0,0.499
20260920_222952,2026-09-20T22:45:06,Value,DOGE,SETTLED,KXDOGE15M-26SEP210145-45,DOWN,1,0.17,5.88,0.01,0.18,1.0,0.82,no,0.088635,0.08859,0.0885962,998.7,0.211,0.032,,-7,0.0,0.001,0.001
20260920_222952,2026-09-20T22:45:06,Model,DOGE,SETTLED,KXDOGE15M-26SEP210145-45,DOWN,25,0.17,5.88,0.25,4.5,25.0,20.5,no,0.088635,0.08859,0.0885962,1158.76,0.232,0.053,,-7,0.0,0.001,0.001
20260920_222952,2026-09-20T22:45:06,Model,DOGE,SETTLED,KXDOGE15M-26SEP210145-45,DOWN,1,0.32,3.12,0.02,0.34,1.0,0.66,no,0.088635,0.08859,0.0885962,1158.76,0.402,0.067,,-7,0.0,0.001,0.001
20260920_222952,2026-09-20T22:45:06,Model,DOGE,SETTLED,KXDOGE15M-26SEP210145-45,DOWN,38,0.34,2.94,0.6,13.52,38.0,24.48,no,0.088635,0.08859,0.0885962,1158.76,0.415,0.059,,-7,0.0,0.001,0.001
20260920_222952,2026-09-20T22:45:06,Late,DOGE,SETTLED,KXDOGE15M-26SEP210145-45,UP,49,0.48,2.08,0.86,24.38,0.0,-24.38,no,0.088635,0.08859,0.0885962,968.94,0.548,0.05,,-7,0.0,0.001,0.001
20260920_222952,2026-09-20T22:45:06,Late,DOGE,SETTLED,KXDOGE15M-26SEP210145-45,UP,5,0.21,4.76,0.06,1.11,0.0,-1.11,no,0.088635,0.08859,0.0885962,968.94,0.298,0.076,,-7,0.0,0.001,0.001
20260920_222952,2026-09-20T22:45:06,Scalper,DOGE,SETTLED,KXDOGE15M-26SEP210145-45,UP,37,0.39,2.56,0.62,15.05,0.0,-15.05,no,0.088635,0.08859,0.0885962,969.62,0.452,0.046,,-7,0.0,0.001,0.001
20260920_222952,2026-09-20T22:45:06,Scalper,DOGE,SETTLED,KXDOGE15M-26SEP210145-45,UP,30,0.17,5.88,0.3,5.4,0.0,-5.4,no,0.088635,0.08859,0.0885962,969.62,0.215,0.035,,-7,0.0,0.001,0.001
20260920_222952,2026-09-20T22:45:06,Scalper,DOGE,SETTLED,KXDOGE15M-26SEP210145-45,UP,92,0.13,7.69,0.73,12.69,0.0,-12.69,no,0.088635,0.08859,0.0885962,969.62,0.184,0.046,,-7,0.0,0.001,0.001
20260920_222952,2026-09-20T22:45:06,Favorite,DOGE,SETTLED,KXDOGE15M-26SEP210145-45,DOWN,9,0.76,1.32,0.12,6.96,9.0,2.04,no,0.088635,0.08859,0.0885962,1029.02,0.78,0.007,,-7,0.0,0.001,0.001
20260920_222952,2026-09-20T22:45:06,Lottery,DOGE,SETTLED,KXDOGE15M-26SEP210145-45,DOWN,34,0.07,14.93,0.15,2.43,34.0,31.57,no,0.088635,0.08859,0.0885962,1027.66,0.194,0.123,,-7,0.0,0.001,0.001
20260920_222952,2026-09-20T22:45:06,Anti Model,DOGE,SETTLED,KXDOGE15M-26SEP210145-45,UP,5,0.86,1.16,0.05,4.35,0.0,-4.35,no,0.088635,0.08859,0.0885962,946.34,0.768,-0.1,,-7,0.0,0.001,0.001
20260920_222952,2026-09-20T22:45:06,Anti Model,DOGE,SETTLED,KXDOGE15M-26SEP210145-45,UP,1,0.69,1.45,0.02,0.71,0.0,-0.71,no,0.088635,0.08859,0.0885962,946.34,0.585,-0.12,,-7,0.0,0.001,0.001
20260920_222952,2026-09-20T22:45:06,Anti Late,DOGE,SETTLED,KXDOGE15M-26SEP210145-45,DOWN,5,0.61,1.64,0.09,3.14,5.0,1.86,no,0.088635,0.08859,0.0885962,1026.68,0.452,-0.175,,-7,0.0,0.001,0.001
20260920_222952,2026-09-20T22:45:06,Anti Late,DOGE,SETTLED,KXDOGE15M-26SEP210145-45,DOWN,1,0.82,1.22,0.02,0.84,1.0,0.16,no,0.088635,0.08859,0.0885962,1026.68,0.702,-0.128,,-7,0.0,0.001,0.001
20260920_222952,2026-09-20T22:45:06,Anti Scalper,DOGE,SETTLED,KXDOGE15M-26SEP210145-45,DOWN,5,0.68,1.47,0.08,3.48,5.0,1.52,no,0.088635,0.08859,0.0885962,1017.53,0.548,-0.147,,-7,0.0,0.001,0.001
20260920_222952,2026-09-20T22:45:06,Anti Scalper,DOGE,SETTLED,KXDOGE15M-26SEP210145-45,DOWN,6,0.87,1.15,0.05,5.27,6.0,0.73,no,0.088635,0.08859,0.0885962,1017.53,0.785,-0.093,,-7,0.0,0.001,0.001
20260920_222952,2026-09-20T22:45:06,Anti Scalper,DOGE,SETTLED,KXDOGE15M-26SEP210145-45,DOWN,13,0.91,1.1,0.08,11.92,13.0,1.08,no,0.088635,0.08859,0.0885962,1017.53,0.816,-0.101,,-7,0.0,0.001,0.001
20260920_222952,2026-09-20T22:45:06,Anti Favorite,DOGE,SETTLED,KXDOGE15M-26SEP210145-45,UP,5,0.28,3.57,0.08,1.48,0.0,-1.48,no,0.088635,0.08859,0.0885962,992.01,0.22,-0.074,,-7,0.0,0.001,0.001
20260920_222952,2026-09-20T22:45:06,Anti Lottery,DOGE,SETTLED,KXDOGE15M-26SEP210145-45,UP,2,0.95,1.05,0.01,1.91,0.0,-1.91,no,0.088635,0.08859,0.0885962,998.31,0.806,-0.148,,-7,0.0,0.001,0.001
20260920_222952,2026-09-20T22:45:08,Model,DOGE,BET,KXDOGE15M-26SEP210200-00,DOWN,27,0.42,2.38,0.47,11.81,,,,0.088596,0.08859,,1157.03,0.508,0.07,entry,891,0.59,0.61,0.6
20260920_222952,2026-09-20T22:45:08,Anti Model,DOGE,BET,KXDOGE15M-26SEP210200-00,UP,10,0.62,1.61,0.17,6.37,,,,0.088596,0.08859,,945.7,0.492,-0.144,entry,891,0.59,0.61,0.6
20260920_222952,2026-09-20T22:45:09,Value,BTC,SETTLED,KXBTC15M-26SEP210145-45,DOWN,32,0.38,2.63,0.53,12.69,0.0,-12.69,yes,81595.01,81619.67,81613.96,986.01,0.427,0.031,,-9,0.5,0.51,0.505
20260920_222952,2026-09-20T22:45:09,Model,BTC,SETTLED,KXBTC15M-26SEP210145-45,UP,60,0.61,1.64,1.0,37.6,60.0,22.4,yes,81595.01,81619.67,81613.96,1157.27,0.684,0.057,,-9,0.5,0.51,0.505
20260920_222952,2026-09-20T22:45:09,Model,BTC,SETTLED,KXBTC15M-26SEP210145-45,UP,66,0.72,1.39,0.94,48.46,66.0,17.54,yes,81595.01,81619.67,81613.96,1157.27,0.789,0.055,,-9,0.5,0.51,0.505
20260920_222952,2026-09-20T22:45:09,Model,BTC,SETTLED,KXBTC15M-26SEP210145-45,UP,86,0.77,1.3,1.07,67.29,86.0,18.71,yes,81595.01,81619.67,81613.96,1157.27,0.851,0.069,,-9,0.5,0.51,0.505
20260920_222952,2026-09-20T22:45:09,Late,BTC,SETTLED,KXBTC15M-26SEP210145-45,DOWN,40,0.38,2.63,0.66,15.86,0.0,-15.86,yes,81595.01,81619.67,81613.96,923.19,0.435,0.039,,-9,0.5,0.51,0.505
20260920_222952,2026-09-20T22:45:09,Late,BTC,SETTLED,KXBTC15M-26SEP210145-45,DOWN,70,0.41,2.44,1.19,29.89,0.0,-29.89,yes,81595.01,81619.67,81613.96,923.19,0.499,0.072,,-9,0.5,0.51,0.505
20260920_222952,2026-09-20T22:45:09,Scalper,BTC,SETTLED,KXBTC15M-26SEP210145-45,DOWN,32,0.38,2.63,0.53,12.69,0.0,-12.69,yes,81595.01,81619.67,81613.96,868.52,0.427,0.031,,-9,0.5,0.51,0.505
20260920_222952,2026-09-20T22:45:09,Scalper,BTC,SETTLED,KXBTC15M-26SEP210145-45,DOWN,34,0.34,2.94,0.54,12.1,0.0,-12.1,yes,81595.01,81619.67,81613.96,868.52,0.387,0.032,,-9,0.5,0.51,0.505
20260920_222952,2026-09-20T22:45:09,Scalper,BTC,SETTLED,KXBTC15M-26SEP210145-45,DOWN,57,0.24,4.17,0.73,14.41,0.0,-14.41,yes,81595.01,81619.67,81613.96,868.52,0.319,0.066,,-9,0.5,0.51,0.505
20260920_222952,2026-09-20T22:45:09,Scalper,BTC,SETTLED,KXBTC15M-26SEP210145-45,DOWN,42,0.24,4.17,0.54,10.62,0.0,-10.62,yes,81595.01,81619.67,81613.96,868.52,0.287,0.034,,-9,0.5,0.51,0.505
20260920_222952,2026-09-20T22:45:09,Scalper,BTC,SETTLED,KXBTC15M-26SEP210145-45,DOWN,30,0.36,2.78,0.49,11.29,0.0,-11.29,yes,81595.01,81619.67,81613.96,868.52,0.407,0.031,,-9,0.5,0.51,0.505
20260920_222952,2026-09-20T22:45:09,Scalper,BTC,SETTLED,KXBTC15M-26SEP210145-45,DOWN,38,0.34,2.94,0.6,13.52,0.0,-13.52,yes,81595.01,81619.67,81613.96,868.52,0.395,0.039,,-9,0.5,0.51,0.505
20260920_222952,2026-09-20T22:45:09,Scalper,BTC,SETTLED,KXBTC15M-26SEP210145-45,DOWN,66,0.19,5.26,0.72,13.26,0.0,-13.26,yes,81595.01,81619.67,81613.96,868.52,0.262,0.061,,-9,0.5,0.51,0.505
20260920_222952,2026-09-20T22:45:09,Scalper,BTC,SETTLED,KXBTC15M-26SEP210145-45,DOWN,135,0.09,10.87,0.79,13.21,0.0,-13.21,yes,81595.01,81619.67,81613.96,868.52,0.167,0.07,,-9,0.5,0.51,0.505
20260920_222952,2026-09-20T22:45:09,Anti Value,BTC,SETTLED,KXBTC15M-26SEP210145-45,UP,19,0.65,1.54,0.31,12.66,19.0,6.34,yes,81595.01,81619.67,81613.96,1006.66,0.573,-0.093,,-9,0.5,0.51,0.505
20260920_222952,2026-09-20T22:45:09,Anti Model,BTC,SETTLED,KXBTC15M-26SEP210145-45,DOWN,86,0.42,2.38,1.47,37.59,0.0,-37.59,yes,81595.01,81619.67,81613.96,792.4,0.316,-0.121,,-9,0.5,0.51,0.505
20260920_222952,2026-09-20T22:45:09,Anti Model,BTC,SETTLED,KXBTC15M-26SEP210145-45,DOWN,149,0.31,3.23,2.24,48.43,0.0,-48.43,yes,81595.01,81619.67,81613.96,792.4,0.211,-0.114,,-9,0.5,0.51,0.505
20260920_222952,2026-09-20T22:45:09,Anti Model,BTC,SETTLED,KXBTC15M-26SEP210145-45,DOWN,246,0.26,3.85,3.32,67.28,0.0,-67.28,yes,81595.01,81619.67,81613.96,792.4,0.149,-0.124,,-9,0.5,0.51,0.505
20260920_222952,2026-09-20T22:45:09,Anti Late,BTC,SETTLED,KXBTC15M-26SEP210145-45,UP,23,0.65,1.54,0.37,15.32,23.0,7.68,yes,81595.01,81619.67,81613.96,1026.77,0.565,-0.101,,-9,0.5,0.51,0.505
20260920_222952,2026-09-20T22:45:09,Anti Late,BTC,SETTLED,KXBTC15M-26SEP210145-45,UP,46,0.62,1.61,0.76,29.28,46.0,16.72,yes,81595.01,81619.67,81613.96,1026.77,0.501,-0.135,,-9,0.5,0.51,0.505
20260920_222952,2026-09-20T22:45:09,Anti Scalper,BTC,SETTLED,KXBTC15M-26SEP210145-45,UP,19,0.65,1.54,0.31,12.66,19.0,6.34,yes,81595.01,81619.67,81613.96,1017.72,0.573,-0.093,,-9,0.5,0.51,0.505
20260920_222952,2026-09-20T22:45:09,Anti Scalper,BTC,SETTLED,KXBTC15M-26SEP210145-45,UP,17,0.69,1.45,0.26,11.99,17.0,5.01,yes,81595.01,81619.67,81613.96,1017.72,0.613,-0.092,,-9,0.5,0.51,0.505
20260920_222952,2026-09-20T22:45:09,Anti Scalper,BTC,SETTLED,KXBTC15M-26SEP210145-45,UP,17,0.79,1.27,0.2,13.63,17.0,3.37,yes,81595.01,81619.67,81613.96,1017.72,0.681,-0.121,,-9,0.5,0.51,0.505
20260920_222952,2026-09-20T22:45:09,Anti Scalper,BTC,SETTLED,KXBTC15M-26SEP210145-45,UP,13,0.79,1.27,0.16,10.43,13.0,2.57,yes,81595.01,81619.67,81613.96,1017.72,0.713,-0.089,,-9,0.5,0.51,0.505
20260920_222952,2026-09-20T22:45:09,Anti Scalper,BTC,SETTLED,KXBTC15M-26SEP210145-45,UP,16,0.67,1.49,0.25,10.97,16.0,5.03,yes,81595.01,81619.67,81613.96,1017.72,0.593,-0.092,,-9,0.5,0.51,0.505
20260920_222952,2026-09-20T22:45:09,Anti Scalper,BTC,SETTLED,KXBTC15M-26SEP210145-45,UP,10,0.69,1.45,0.15,7.05,10.0,2.95,yes,81595.01,81619.67,81613.96,1017.72,0.605,-0.1,,-9,0.5,0.51,0.505
20260920_222952,2026-09-20T22:45:09,Anti Scalper,BTC,SETTLED,KXBTC15M-26SEP210145-45,UP,1,0.84,1.19,0.01,0.85,1.0,0.15,yes,81595.01,81619.67,81613.96,1017.72,0.738,-0.111,,-9,0.5,0.51,0.505
20260920_222952,2026-09-20T22:45:09,Anti Scalper,BTC,SETTLED,KXBTC15M-26SEP210145-45,UP,14,0.93,1.08,0.07,13.08,14.0,0.92,yes,81595.01,81619.67,81613.96,1017.72,0.833,-0.101,,-9,0.5,0.51,0.505
20260920_222952,2026-09-20T22:45:43,Model,DOGE,BET,KXDOGE15M-26SEP210200-00,DOWN,29,0.35,2.86,0.47,10.62,,,,0.088596,0.08864,,1154.18,0.445,0.079,entry,856,0.66,0.67,0.665
20260920_222952,2026-09-20T22:45:43,Anti Model,DOGE,BET,KXDOGE15M-26SEP210200-00,UP,9,0.68,1.47,0.14,6.26,,,,0.088596,0.08864,,792.64,0.555,-0.14,entry,856,0.66,0.67,0.665
20260920_222952,2026-09-20T22:46:14,Model,DOGE,BET,KXDOGE15M-26SEP210200-00,DOWN,27,0.37,2.7,0.45,10.44,,,,0.088596,0.08863,,1153.85,0.455,0.069,entry,825,0.64,0.65,0.645
20260920_222952,2026-09-20T22:46:14,Anti Model,DOGE,BET,KXDOGE15M-26SEP210200-00,UP,15,0.66,1.52,0.24,10.14,,,,0.088596,0.08863,,791.46,0.545,-0.131,entry,825,0.64,0.65,0.645
20260920_222952,2026-09-20T22:46:29,Value,DOGE,BET,KXDOGE15M-26SEP210200-00,DOWN,10,0.34,2.94,0.16,3.56,,,,0.088596,0.08863,,985.49,0.39,0.034,entry,810,0.67,0.68,0.675
20260920_222952,2026-09-20T22:46:29,Anti Value,DOGE,BET,KXDOGE15M-26SEP210200-00,UP,5,0.69,1.45,0.08,3.53,,,,0.088596,0.08863,,1006.4,0.61,-0.095,entry,810,0.67,0.68,0.675
20260920_222952,2026-09-20T22:46:29,Scalper,DOGE,BET,KXDOGE15M-26SEP210200-00,DOWN,10,0.34,2.94,0.16,3.56,,,,0.088596,0.08863,,868.0,0.39,0.034,entry,810,0.67,0.68,0.675
20260920_222952,2026-09-20T22:46:29,Anti Scalper,DOGE,BET,KXDOGE15M-26SEP210200-00,UP,5,0.69,1.45,0.08,3.53,,,,0.088596,0.08863,,1017.46,0.61,-0.095,entry,810,0.67,0.68,0.675
20260920_222952,2026-09-20T22:46:40,Scalper,DOGE,BET,KXDOGE15M-26SEP210200-00,DOWN,28,0.34,2.94,0.44,9.96,,,,0.088596,0.08863,,866.57,0.39,0.034,entry,799,0.67,0.68,0.675
20260920_222952,2026-09-20T22:46:40,Anti Scalper,DOGE,BET,KXDOGE15M-26SEP210200-00,UP,14,0.69,1.45,0.21,9.87,,,,0.088596,0.08863,,1016.75,0.61,-0.095,entry,799,0.67,0.68,0.675
20260920_222952,2026-09-20T22:47:27,Scalper,DOGE,SOLD,KXDOGE15M-26SEP210200-00,DOWN,10,0.6,2.94,0.16,3.56,5.83,2.27,,0.088596,0.0886,,877.15,0.39,0.034,value,753,0.38,0.39,0.385
20260920_222952,2026-09-20T22:47:27,Scalper,DOGE,SOLD,KXDOGE15M-26SEP210200-00,DOWN,28,0.6,2.94,0.44,9.96,16.32,6.36,,0.088596,0.0886,,877.15,0.39,0.034,value,753,0.38,0.39,0.385
20260920_222952,2026-09-20T22:47:27,Anti Scalper,DOGE,SOLD,KXDOGE15M-26SEP210200-00,UP,5,0.37,1.45,0.08,3.53,1.76,-1.77,,0.088596,0.0886,,1011.03,0.61,-0.095,mirror,753,0.38,0.39,0.385
20260920_222952,2026-09-20T22:47:27,Anti Scalper,DOGE,SOLD,KXDOGE15M-26SEP210200-00,UP,14,0.37,1.45,0.21,9.87,4.95,-4.92,,0.088596,0.0886,,1011.03,0.61,-0.095,mirror,753,0.38,0.39,0.385
20260920_222952,2026-09-20T22:49:07,Model,SOL,BET,KXSOL15M-26SEP210200-00,UP,10,0.22,4.55,0.13,2.33,,,,111.9007,111.68,,1183.41,0.299,0.067,entry,653,0.2,0.21,0.205
20260920_222952,2026-09-20T22:49:07,Anti Model,SOL,BET,KXSOL15M-26SEP210200-00,DOWN,2,0.81,1.23,0.03,1.65,,,,111.9007,111.68,,778.21,0.701,-0.12,entry,653,0.2,0.21,0.205
20260920_222952,2026-09-20T22:49:27,Model,SOL,BET,KXSOL15M-26SEP210200-00,UP,10,0.25,4.0,0.14,2.64,,,,111.9007,111.72,,1183.23,0.331,0.068,entry,632,0.23,0.24,0.235
20260920_222952,2026-09-20T22:49:27,Anti Model,SOL,BET,KXSOL15M-26SEP210200-00,DOWN,3,0.78,1.28,0.04,2.38,,,,111.9007,111.72,,778.67,0.669,-0.123,entry,632,0.23,0.24,0.235
20260920_222952,2026-09-20T22:49:56,Model,SOL,BET,KXSOL15M-26SEP210200-00,UP,77,0.3,3.33,1.14,24.24,,,,111.9007,111.77,,1174.38,0.374,0.06,entry,603,0.27,0.29,0.28
20260920_222952,2026-09-20T22:49:56,Anti Model,SOL,BET,KXSOL15M-26SEP210200-00,DOWN,32,0.74,1.35,0.44,24.12,,,,111.9007,111.77,,778.85,0.626,-0.127,entry,603,0.27,0.29,0.28
20260920_222952,2026-09-20T22:50:00,Scalper,DOGE,BET,KXDOGE15M-26SEP210200-00,UP,31,0.3,3.33,0.46,9.76,,,,0.088596,0.08852,,875.63,0.345,0.031,entry,599,0.28,0.29,0.285
20260920_222952,2026-09-20T22:50:00,Anti Scalper,DOGE,BET,KXDOGE15M-26SEP210200-00,DOWN,5,0.73,1.37,0.07,3.72,,,,0.088596,0.08852,,1010.78,0.655,-0.089,entry,599,0.28,0.29,0.285
20260920_222952,2026-09-20T22:50:30,Model,XRP,BET,KXXRP15M-26SEP210200-00,UP,20,0.48,2.08,0.35,9.95,,,,1.429,1.4292,,1181.5,0.548,0.05,entry,569,0.46,0.47,0.465
20260920_222952,2026-09-20T22:50:30,Anti Model,XRP,BET,KXXRP15M-26SEP210200-00,DOWN,17,0.55,1.82,0.3,9.65,,,,1.429,1.4292,,775.22,0.452,-0.115,entry,569,0.46,0.47,0.465
20260920_222952,2026-09-20T22:51:08,Value,SOL,BET,KXSOL15M-26SEP210200-00,UP,41,0.26,3.85,0.56,11.22,,,,111.9007,111.78,,987.39,0.307,0.034,entry,531,0.24,0.25,0.245
20260920_222952,2026-09-20T22:51:08,Anti Value,SOL,BET,KXSOL15M-26SEP210200-00,DOWN,10,0.77,1.3,0.13,7.83,,,,111.9007,111.78,,1004.03,0.693,-0.089,entry,531,0.24,0.25,0.245
20260920_222952,2026-09-20T22:51:08,Scalper,SOL,BET,KXSOL15M-26SEP210200-00,UP,36,0.26,3.85,0.49,9.85,,,,111.9007,111.78,,874.26,0.307,0.034,entry,531,0.24,0.25,0.245
20260920_222952,2026-09-20T22:51:08,Anti Scalper,SOL,BET,KXSOL15M-26SEP210200-00,DOWN,10,0.77,1.3,0.13,7.83,,,,111.9007,111.78,,1010.26,0.693,-0.089,entry,531,0.24,0.25,0.245
20260920_222952,2026-09-20T22:52:04,Model,XRP,BET,KXXRP15M-26SEP210200-00,UP,69,0.56,1.79,1.2,39.84,,,,1.429,1.4301,,1182.99,0.64,0.063,entry,475,0.54,0.55,0.545
20260920_222952,2026-09-20T22:52:04,Anti Model,XRP,BET,KXXRP15M-26SEP210200-00,DOWN,12,0.47,2.13,0.21,5.85,,,,1.429,1.4301,,771.34,0.36,-0.127,entry,475,0.54,0.55,0.545
20260920_222952,2026-09-20T22:52:47,Model,XRP,BET,KXXRP15M-26SEP210200-00,UP,27,0.57,1.75,0.47,15.86,,,,1.429,1.43,,1187.74,0.641,0.054,entry,433,0.54,0.56,0.55
20260920_222952,2026-09-20T22:52:47,Anti Model,XRP,BET,KXXRP15M-26SEP210200-00,DOWN,32,0.47,2.13,0.56,15.6,,,,1.429,1.43,,766.43,0.359,-0.128,entry,433,0.54,0.56,0.55
20260920_222952,2026-09-20T22:54:38,Model,BTC,BET,KXBTC15M-26SEP210200-00,UP,75,0.23,4.35,0.93,18.18,,,,81613.96,81581.32,,1221.76,0.296,0.054,entry,321,0.21,0.22,0.215
20260920_222952,2026-09-20T22:54:38,Anti Model,BTC,BET,KXBTC15M-26SEP210200-00,DOWN,22,0.8,1.25,0.25,17.85,,,,81613.96,81581.32,,748.02,0.704,-0.107,entry,321,0.21,0.22,0.215
20260920_222952,2026-09-20T22:54:44,Model,ETH,BET,KXETH15M-26SEP210200-00,UP,55,0.54,1.85,0.96,30.66,,,,2666.81,2667.89,,1209.6,0.612,0.054,entry,315,0.52,0.53,0.525
20260920_222952,2026-09-20T22:54:44,Anti Model,ETH,BET,KXETH15M-26SEP210200-00,DOWN,60,0.49,2.04,1.05,30.45,,,,2666.81,2667.89,,748.58,0.388,-0.119,entry,315,0.52,0.53,0.525
20260920_222952,2026-09-20T22:54:59,Scalper,DOGE,BET,KXDOGE15M-26SEP210200-00,UP,7,0.22,4.55,0.09,1.63,,,,0.088596,0.08852,,873.35,0.271,0.039,entry,300,0.2,0.21,0.205
20260920_222952,2026-09-20T22:54:59,Anti Scalper,DOGE,BET,KXDOGE15M-26SEP210200-00,DOWN,1,0.81,1.23,0.02,0.83,,,,0.088596,0.08852,,1010.06,0.729,-0.092,entry,300,0.2,0.21,0.205
20260920_222952,2026-09-20T22:55:41,Scalper,DOGE,BET,KXDOGE15M-26SEP210200-00,UP,12,0.09,11.11,0.07,1.15,,,,0.088596,0.08844,,864.2,0.13,0.035,entry,258,0.079,0.08,0.08
20260920_222952,2026-09-20T22:55:41,Anti Scalper,DOGE,BET,KXDOGE15M-26SEP210200-00,DOWN,1,0.93,1.07,0.01,0.94,,,,0.088596,0.08844,,1012.19,0.87,-0.065,entry,258,0.079,0.08,0.08
20260920_222952,2026-09-20T22:55:49,Scalper,SOL,BET,KXSOL15M-26SEP210200-00,UP,56,0.17,5.88,0.56,10.08,,,,111.9007,111.78,,861.52,0.219,0.039,entry,250,0.15,0.16,0.155
20260920_222952,2026-09-20T22:55:49,Anti Scalper,SOL,BET,KXSOL15M-26SEP210200-00,DOWN,5,0.86,1.16,0.05,4.35,,,,111.9007,111.78,,1012.13,0.781,-0.087,entry,250,0.15,0.16,0.155
20260920_222952,2026-09-20T22:56:00,Favorite,XRP,BET,KXXRP15M-26SEP210200-00,UP,20,0.64,1.56,0.33,13.13,,,,1.429,1.4299,,1027.75,0.705,0.048,entry,239,0.61,0.63,0.62
20260920_222952,2026-09-20T22:56:00,Anti Favorite,XRP,BET,KXXRP15M-26SEP210200-00,DOWN,31,0.4,2.5,0.53,12.93,,,,1.429,1.4299,,990.04,0.295,-0.122,entry,239,0.61,0.63,0.62
20260920_222952,2026-09-20T22:56:01,Favorite,ETH,BET,KXETH15M-26SEP210200-00,DOWN,32,0.84,1.19,0.31,27.19,,,,2666.81,2664.27,,1027.89,0.866,0.017,entry,238,0.17,0.18,0.175
20260920_222952,2026-09-20T22:56:01,Anti Favorite,ETH,BET,KXETH15M-26SEP210200-00,UP,135,0.19,5.26,1.46,27.11,,,,2666.81,2664.27,,982.72,0.134,-0.067,entry,238,0.17,0.18,0.175
20260920_222952,2026-09-20T22:56:05,Scalper,SOL,BET,KXSOL15M-26SEP210200-00,UP,48,0.17,5.88,0.48,8.64,,,,111.9007,111.78,,858.94,0.214,0.034,entry,234,0.15,0.16,0.155
20260920_222952,2026-09-20T22:56:05,Anti Scalper,SOL,BET,KXSOL15M-26SEP210200-00,DOWN,9,0.86,1.16,0.08,7.82,,,,111.9007,111.78,,1011.73,0.786,-0.082,entry,234,0.15,0.16,0.155
20260920_222952,2026-09-20T22:56:13,Scalper,SOL,BET,KXSOL15M-26SEP210200-00,UP,10,0.15,6.67,0.09,1.59,,,,111.9007,111.78,,855.76,0.201,0.042,entry,226,0.13,0.14,0.135
20260920_222952,2026-09-20T22:56:13,Anti Scalper,SOL,BET,KXSOL15M-26SEP210200-00,DOWN,1,0.88,1.14,0.01,0.89,,,,111.9007,111.78,,1012.31,0.799,-0.088,entry,226,0.13,0.14,0.135
20260920_222952,2026-09-20T22:56:16,Value,XRP,BET,KXXRP15M-26SEP210200-00,UP,17,0.69,1.45,0.26,11.99,,,,1.429,1.4306,,984.73,0.74,0.035,entry,223,0.67,0.68,0.675
20260920_222952,2026-09-20T22:56:16,Anti Value,XRP,BET,KXXRP15M-26SEP210200-00,DOWN,26,0.34,2.94,0.41,9.25,,,,1.429,1.4306,,1002.75,0.26,-0.096,entry,223,0.67,0.68,0.675
20260920_222952,2026-09-20T22:56:16,Scalper,XRP,BET,KXXRP15M-26SEP210200-00,UP,17,0.69,1.45,0.26,11.99,,,,1.429,1.4306,,854.57,0.74,0.035,entry,223,0.67,0.68,0.675
20260920_222952,2026-09-20T22:56:16,Anti Scalper,XRP,BET,KXXRP15M-26SEP210200-00,DOWN,26,0.34,2.94,0.41,9.25,,,,1.429,1.4306,,1011.14,0.26,-0.096,entry,223,0.67,0.68,0.675
20260920_222952,2026-09-20T22:56:27,Scalper,SOL,BET,KXSOL15M-26SEP210200-00,UP,67,0.13,7.69,0.54,9.25,,,,111.9007,111.77,,849.34,0.177,0.039,entry,213,0.11,0.12,0.115
20260920_222952,2026-09-20T22:56:27,Anti Scalper,SOL,BET,KXSOL15M-26SEP210200-00,DOWN,10,0.9,1.11,0.07,9.07,,,,111.9007,111.77,,1010.56,0.823,-0.083,entry,213,0.11,0.12,0.115
20260920_222952,2026-09-20T22:56:37,Scalper,SOL,BET,KXSOL15M-26SEP210200-00,UP,51,0.15,6.67,0.46,8.11,,,,111.9007,111.78,,851.66,0.193,0.034,entry,203,0.13,0.14,0.135
20260920_222952,2026-09-20T22:56:37,Anti Scalper,SOL,BET,KXSOL15M-26SEP210200-00,DOWN,9,0.88,1.14,0.07,7.99,,,,111.9007,111.78,,1009.46,0.807,-0.08,entry,203,0.13,0.14,0.135
20260920_222952,2026-09-20T22:57:02,Scalper,XRP,BET,KXXRP15M-26SEP210200-00,UP,17,0.69,1.45,0.26,11.99,,,,1.429,1.4302,,844.41,0.737,0.032,entry,177,0.67,0.68,0.675
20260920_222952,2026-09-20T22:57:02,Anti Scalper,XRP,BET,KXXRP15M-26SEP210200-00,DOWN,20,0.34,2.94,0.32,7.12,,,,1.429,1.4302,,1010.22,0.263,-0.093,entry,177,0.67,0.68,0.675
20260920_222952,2026-09-20T22:57:18,Scalper,XRP,BET,KXXRP15M-26SEP210200-00,UP,18,0.64,1.56,0.3,11.82,,,,1.429,1.4299,,832.17,0.696,0.04,entry,162,0.62,0.63,0.625
20260920_222952,2026-09-20T22:57:18,Anti Scalper,XRP,BET,KXXRP15M-26SEP210200-00,DOWN,5,0.39,2.56,0.09,2.04,,,,1.429,1.4299,,1014.19,0.304,-0.103,entry,162,0.62,0.63,0.625
20260920_222952,2026-09-20T22:57:19,Scalper,SOL,BET,KXSOL15M-26SEP210200-00,UP,26,0.08,12.35,0.14,2.25,,,,111.9007,111.76,,831.11,0.118,0.032,entry,161,0.07,0.071,0.071
20260920_222952,2026-09-20T22:57:19,Anti Scalper,SOL,BET,KXSOL15M-26SEP210200-00,DOWN,2,0.94,1.06,0.01,1.89,,,,111.9007,111.76,,1013.62,0.882,-0.062,entry,161,0.07,0.071,0.071
20260920_222952,2026-09-20T22:57:30,Late,XRP,BET,KXXRP15M-26SEP210200-00,UP,20,0.66,1.52,0.32,13.52,,,,1.429,1.4296,,921.94,0.725,0.05,entry,150,0.63,0.65,0.64
20260920_222952,2026-09-20T22:57:30,Anti Late,XRP,BET,KXXRP15M-26SEP210200-00,DOWN,34,0.38,2.63,0.57,13.49,,,,1.429,1.4296,,1024.63,0.275,-0.121,entry,150,0.63,0.65,0.64
20260920_222952,2026-09-20T22:57:30,Late,SOL,BET,KXSOL15M-26SEP210200-00,UP,3,0.08,12.5,0.02,0.26,,,,111.9007,111.75,,921.85,0.135,0.05,entry,150,0.064,0.07,0.067
20260920_222952,2026-09-20T22:57:33,Scalper,XRP,BET,KXXRP15M-26SEP210200-00,UP,19,0.59,1.69,0.33,11.54,,,,1.429,1.4295,,825.47,0.642,0.035,entry,147,0.57,0.58,0.575
20260920_222952,2026-09-20T22:57:33,Anti Scalper,XRP,BET,KXXRP15M-26SEP210200-00,DOWN,25,0.44,2.27,0.44,11.44,,,,1.429,1.4295,,1015.82,0.358,-0.099,entry,147,0.57,0.58,0.575
20260920_222952,2026-09-20T22:57:50,Late,XRP,BET,KXXRP15M-26SEP210200-00,UP,35,0.61,1.64,0.59,21.94,,,,1.429,1.4293,,919.07,0.682,0.055,entry,130,0.59,0.6,0.595
20260920_222952,2026-09-20T22:57:50,Anti Late,XRP,BET,KXXRP15M-26SEP210200-00,DOWN,24,0.42,2.38,0.41,10.49,,,,1.429,1.4293,,1025.0,0.318,-0.119,entry,130,0.59,0.6,0.595
20260920_222952,2026-09-20T22:58:45,Scalper,XRP,BET,KXXRP15M-26SEP210200-00,UP,17,0.63,1.59,0.28,10.99,,,,1.429,1.4292,,810.86,0.679,0.033,entry,75,0.6,0.62,0.61
20260920_222952,2026-09-20T22:58:45,Anti Scalper,XRP,BET,KXXRP15M-26SEP210200-00,DOWN,7,0.41,2.44,0.12,2.99,,,,1.429,1.4292,,1015.34,0.321,-0.106,entry,75,0.6,0.62,0.61
20260920_222952,2026-09-20T22:59:03,Scalper,XRP,BET,KXXRP15M-26SEP210200-00,UP,16,0.69,1.45,0.24,11.28,,,,1.429,1.4292,,826.58,0.747,0.042,entry,57,0.67,0.68,0.675
20260920_222952,2026-09-20T22:59:03,Anti Scalper,XRP,BET,KXXRP15M-26SEP210200-00,DOWN,3,0.34,2.94,0.05,1.07,,,,1.429,1.4292,,1010.68,0.253,-0.103,entry,57,0.67,0.68,0.675
20260920_222952,2026-09-20T22:59:29,Scalper,XRP,SOLD,KXXRP15M-26SEP210200-00,UP,19,0.92,1.69,0.33,11.54,17.4,5.86,,1.429,1.429,,903.66,0.642,0.035,capture,31,0.931,0.935,0.933
20260920_222952,2026-09-20T22:59:29,Anti Scalper,XRP,SOLD,KXXRP15M-26SEP210200-00,DOWN,25,0.06,2.27,0.44,11.44,1.27,-10.17,,1.429,1.429,,989.58,0.358,-0.099,mirror,31,0.931,0.935,0.933
20260920_222952,2026-09-20T22:59:31,Scalper,XRP,SOLD,KXXRP15M-26SEP210200-00,UP,17,0.93,1.59,0.28,10.99,15.65,4.66,,1.429,1.429,,903.93,0.679,0.033,capture,29,0.936,0.937,0.937
20260920_222952,2026-09-20T22:59:31,Anti Scalper,XRP,SOLD,KXXRP15M-26SEP210200-00,DOWN,7,0.05,2.44,0.12,2.99,0.34,-2.65,,1.429,1.429,,989.4,0.321,-0.106,mirror,29,0.936,0.937,0.937
20260920_222952,2026-09-20T22:59:32,Scalper,XRP,SOLD,KXXRP15M-26SEP210200-00,UP,17,0.94,1.45,0.26,11.99,15.89,3.9,,1.429,1.429,,904.14,0.74,0.035,capture,28,0.949,0.952,0.95
20260920_222952,2026-09-20T22:59:32,Scalper,XRP,SOLD,KXXRP15M-26SEP210200-00,UP,17,0.94,1.45,0.26,11.99,15.89,3.9,,1.429,1.429,,904.14,0.737,0.032,capture,28,0.949,0.952,0.95
20260920_222952,2026-09-20T22:59:32,Scalper,XRP,SOLD,KXXRP15M-26SEP210200-00,UP,18,0.94,1.56,0.3,11.82,16.82,5.0,,1.429,1.429,,904.14,0.696,0.04,capture,28,0.949,0.952,0.95
20260920_222952,2026-09-20T22:59:32,Scalper,XRP,SOLD,KXXRP15M-26SEP210200-00,UP,16,0.94,1.45,0.24,11.28,14.95,3.67,,1.429,1.429,,904.14,0.747,0.042,capture,28,0.949,0.952,0.95
20260920_222952,2026-09-20T22:59:32,Anti Scalper,XRP,SOLD,KXXRP15M-26SEP210200-00,DOWN,26,0.04,2.94,0.41,9.25,0.92,-8.33,,1.429,1.429,,988.14,0.26,-0.096,mirror,28,0.949,0.952,0.95
20260920_222952,2026-09-20T22:59:32,Anti Scalper,XRP,SOLD,KXXRP15M-26SEP210200-00,DOWN,20,0.04,2.94,0.32,7.12,0.7,-6.42,,1.429,1.429,,988.14,0.263,-0.093,mirror,28,0.949,0.952,0.95
20260920_222952,2026-09-20T22:59:32,Anti Scalper,XRP,SOLD,KXXRP15M-26SEP210200-00,DOWN,5,0.04,2.56,0.09,2.04,0.17,-1.87,,1.429,1.429,,988.14,0.304,-0.103,mirror,28,0.949,0.952,0.95
20260920_222952,2026-09-20T22:59:32,Anti Scalper,XRP,SOLD,KXXRP15M-26SEP210200-00,DOWN,3,0.04,2.94,0.05,1.07,0.1,-0.97,,1.429,1.429,,988.14,0.253,-0.103,mirror,28,0.949,0.952,0.95
20260920_222952,2026-09-20T23:00:05,Value,XRP,SETTLED,KXXRP15M-26SEP210200-00,UP,17,0.69,1.45,0.26,11.99,17.0,5.01,yes,1.429,1.43,1.4295,997.44,0.74,0.035,,-6,0.53,0.54,0.535
20260920_222952,2026-09-20T23:00:05,Model,XRP,SETTLED,KXXRP15M-26SEP210200-00,UP,20,0.48,2.08,0.35,9.95,20.0,10.05,yes,1.429,1.43,1.4295,1259.37,0.548,0.05,,-6,0.53,0.54,0.535
20260920_222952,2026-09-20T23:00:05,Model,XRP,SETTLED,KXXRP15M-26SEP210200-00,UP,69,0.56,1.79,1.2,39.84,69.0,29.16,yes,1.429,1.43,1.4295,1259.37,0.64,0.063,,-6,0.53,0.54,0.535
20260920_222952,2026-09-20T23:00:05,Model,XRP,SETTLED,KXXRP15M-26SEP210200-00,UP,27,0.57,1.75,0.47,15.86,27.0,11.14,yes,1.429,1.43,1.4295,1259.37,0.641,0.054,,-6,0.53,0.54,0.535
20260920_222952,2026-09-20T23:00:05,Late,XRP,SETTLED,KXXRP15M-26SEP210200-00,UP,20,0.66,1.52,0.32,13.52,20.0,6.48,yes,1.429,1.43,1.4295,942.73,0.725,0.05,,-6,0.53,0.54,0.535
20260920_222952,2026-09-20T23:00:05,Late,XRP,SETTLED,KXXRP15M-26SEP210200-00,UP,35,0.61,1.64,0.59,21.94,35.0,13.06,yes,1.429,1.43,1.4295,942.73,0.682,0.055,,-6,0.53,0.54,0.535
20260920_222952,2026-09-20T23:00:05,Favorite,XRP,SETTLED,KXXRP15M-26SEP210200-00,UP,20,0.64,1.56,0.33,13.13,20.0,6.87,yes,1.429,1.43,1.4295,1040.66,0.705,0.048,,-6,0.53,0.54,0.535
20260920_222952,2026-09-20T23:00:05,Anti Value,XRP,SETTLED,KXXRP15M-26SEP210200-00,DOWN,26,0.34,2.94,0.41,9.25,0.0,-9.25,yes,1.429,1.43,1.4295,997.41,0.26,-0.096,,-6,0.53,0.54,0.535
20260920_222952,2026-09-20T23:00:05,Anti Model,XRP,SETTLED,KXXRP15M-26SEP210200-00,DOWN,17,0.55,1.82,0.3,9.65,0.0,-9.65,yes,1.429,1.43,1.4295,791.42,0.452,-0.115,,-6,0.53,0.54,0.535
20260920_222952,2026-09-20T23:00:05,Anti Model,XRP,SETTLED,KXXRP15M-26SEP210200-00,DOWN,12,0.47,2.13,0.21,5.85,0.0,-5.85,yes,1.429,1.43,1.4295,791.42,0.36,-0.127,,-6,0.53,0.54,0.535
20260920_222952,2026-09-20T23:00:05,Anti Model,XRP,SETTLED,KXXRP15M-26SEP210200-00,DOWN,32,0.47,2.13,0.56,15.6,0.0,-15.6,yes,1.429,1.43,1.4295,791.42,0.359,-0.128,,-6,0.53,0.54,0.535
20260920_222952,2026-09-20T23:00:05,Anti Late,XRP,SETTLED,KXXRP15M-26SEP210200-00,DOWN,34,0.38,2.63,0.57,13.49,0.0,-13.49,yes,1.429,1.43,1.4295,1002.79,0.275,-0.121,,-6,0.53,0.54,0.535
20260920_222952,2026-09-20T23:00:05,Anti Late,XRP,SETTLED,KXXRP15M-26SEP210200-00,DOWN,24,0.42,2.38,0.41,10.49,0.0,-10.49,yes,1.429,1.43,1.4295,1002.79,0.318,-0.119,,-6,0.53,0.54,0.535
20260920_222952,2026-09-20T23:00:05,Anti Favorite,XRP,SETTLED,KXXRP15M-26SEP210200-00,DOWN,31,0.4,2.5,0.53,12.93,0.0,-12.93,yes,1.429,1.43,1.4295,979.08,0.295,-0.122,,-6,0.53,0.54,0.535
20260920_222952,2026-09-20T23:00:05,Value,DOGE,SETTLED,KXDOGE15M-26SEP210200-00,DOWN,10,0.34,2.94,0.16,3.56,10.0,6.44,no,0.088596,0.08838,0.0883509,997.46,0.39,0.034,,-6,0.0,0.001,0.001
20260920_222952,2026-09-20T23:00:05,Model,DOGE,SETTLED,KXDOGE15M-26SEP210200-00,DOWN,27,0.42,2.38,0.47,11.81,27.0,15.19,no,0.088596,0.08838,0.0883509,1259.48,0.508,0.07,,-6,0.0,0.001,0.001
20260920_222952,2026-09-20T23:00:05,Model,DOGE,SETTLED,KXDOGE15M-26SEP210200-00,DOWN,29,0.35,2.86,0.47,10.62,29.0,18.38,no,0.088596,0.08838,0.0883509,1259.48,0.445,0.079,,-6,0.0,0.001,0.001
20260920_222952,2026-09-20T23:00:05,Model,DOGE,SETTLED,KXDOGE15M-26SEP210200-00,DOWN,27,0.37,2.7,0.45,10.44,27.0,16.56,no,0.088596,0.08838,0.0883509,1259.48,0.455,0.069,,-6,0.0,0.001,0.001
20260920_222952,2026-09-20T23:00:05,Scalper,DOGE,SETTLED,KXDOGE15M-26SEP210200-00,UP,31,0.3,3.33,0.46,9.76,0.0,-9.76,no,0.088596,0.08838,0.0883509,891.6,0.345,0.031,,-6,0.0,0.001,0.001
20260920_222952,2026-09-20T23:00:05,Scalper,DOGE,SETTLED,KXDOGE15M-26SEP210200-00,UP,7,0.22,4.55,0.09,1.63,0.0,-1.63,no,0.088596,0.08838,0.0883509,891.6,0.271,0.039,,-6,0.0,0.001,0.001
20260920_222952,2026-09-20T23:00:05,Scalper,DOGE,SETTLED,KXDOGE15M-26SEP210200-00,UP,12,0.09,11.11,0.07,1.15,0.0,-1.15,no,0.088596,0.08838,0.0883509,891.6,0.13,0.035,,-6,0.0,0.001,0.001
20260920_222952,2026-09-20T23:00:05,Anti Value,DOGE,SETTLED,KXDOGE15M-26SEP210200-00,UP,5,0.69,1.45,0.08,3.53,0.0,-3.53,no,0.088596,0.08838,0.0883509,993.88,0.61,-0.095,,-6,0.0,0.001,0.001
20260920_222952,2026-09-20T23:00:05,Anti Model,DOGE,SETTLED,KXDOGE15M-26SEP210200-00,UP,10,0.62,1.61,0.17,6.37,0.0,-6.37,no,0.088596,0.08838,0.0883509,768.65,0.492,-0.144,,-6,0.0,0.001,0.001
20260920_222952,2026-09-20T23:00:05,Anti Model,DOGE,SETTLED,KXDOGE15M-26SEP210200-00,UP,9,0.68,1.47,0.14,6.26,0.0,-6.26,no,0.088596,0.08838,0.0883509,768.65,0.555,-0.14,,-6,0.0,0.001,0.001
20260920_222952,2026-09-20T23:00:05,Anti Model,DOGE,SETTLED,KXDOGE15M-26SEP210200-00,UP,15,0.66,1.52,0.24,10.14,0.0,-10.14,no,0.088596,0.08838,0.0883509,768.65,0.545,-0.131,,-6,0.0,0.001,0.001
20260920_222952,2026-09-20T23:00:05,Anti Scalper,DOGE,SETTLED,KXDOGE15M-26SEP210200-00,DOWN,5,0.73,1.37,0.07,3.72,5.0,1.28,no,0.088596,0.08838,0.0883509,982.13,0.655,-0.089,,-6,0.0,0.001,0.001
20260920_222952,2026-09-20T23:00:05,Anti Scalper,DOGE,SETTLED,KXDOGE15M-26SEP210200-00,DOWN,1,0.81,1.23,0.02,0.83,1.0,0.17,no,0.088596,0.08838,0.0883509,982.13,0.729,-0.092,,-6,0.0,0.001,0.001
20260920_222952,2026-09-20T23:00:05,Anti Scalper,DOGE,SETTLED,KXDOGE15M-26SEP210200-00,DOWN,1,0.93,1.07,0.01,0.94,1.0,0.06,no,0.088596,0.08838,0.0883509,982.13,0.87,-0.065,,-6,0.0,0.001,0.001
20260920_222952,2026-09-20T23:00:05,Model,ETH,SETTLED,KXETH15M-26SEP210200-00,UP,55,0.54,1.85,0.96,30.66,0.0,-30.66,no,2666.81,2665.54,2664.20,1228.82,0.612,0.054,,-6,0.0,0.001,0.001
20260920_222952,2026-09-20T23:00:05,Favorite,ETH,SETTLED,KXETH15M-26SEP210200-00,DOWN,32,0.84,1.19,0.31,27.19,32.0,4.81,no,2666.81,2665.54,2664.20,1040.7,0.866,0.017,,-6,0.0,0.001,0.001
20260920_222952,2026-09-20T23:00:05,Anti Model,ETH,SETTLED,KXETH15M-26SEP210200-00,DOWN,60,0.49,2.04,1.05,30.45,60.0,29.55,no,2666.81,2665.54,2664.20,768.72,0.388,-0.119,,-6,0.0,0.001,0.001
20260920_222952,2026-09-20T23:00:05,Anti Favorite,ETH,SETTLED,KXETH15M-26SEP210200-00,UP,135,0.19,5.26,1.46,27.11,0.0,-27.11,no,2666.81,2665.54,2664.20,951.97,0.134,-0.067,,-6,0.0,0.001,0.001
20260920_222952,2026-09-20T23:00:07,Model,BTC,SETTLED,KXBTC15M-26SEP210200-00,UP,75,0.23,4.35,0.93,18.18,0.0,-18.18,no,81613.96,81551.85,81522.70,1210.64,0.296,0.054,,-7,0.58,0.59,0.585
20260920_222952,2026-09-20T23:00:07,Anti Model,BTC,SETTLED,KXBTC15M-26SEP210200-00,DOWN,22,0.8,1.25,0.25,17.85,22.0,4.15,no,81613.96,81551.85,81522.70,772.87,0.704,-0.107,,-7,0.58,0.59,0.585
20260920_222952,2026-09-20T23:00:07,Model,XRP,BET,KXXRP15M-26SEP210215-15,UP,30,0.51,1.96,0.53,15.83,,,,1.4295,1.43,,1208.98,0.589,0.062,entry,892,0.49,0.5,0.495
20260920_222952,2026-09-20T23:00:07,Anti Model,XRP,BET,KXXRP15M-26SEP210215-15,DOWN,29,0.52,1.92,0.51,15.59,,,,1.4295,1.43,,771.27,0.411,-0.126,entry,892,0.49,0.5,0.495
20260920_222952,2026-09-20T23:00:12,Value,SOL,SETTLED,KXSOL15M-26SEP210200-00,UP,41,0.26,3.85,0.56,11.22,0.0,-11.22,no,111.9007,111.76,111.7517,986.24,0.307,0.034,,-13,0.52,0.53,0.525
20260920_222952,2026-09-20T23:00:12,Model,SOL,SETTLED,KXSOL15M-26SEP210200-00,UP,10,0.22,4.55,0.13,2.33,0.0,-2.33,no,111.9007,111.76,111.7517,1180.07,0.299,0.067,,-13,0.52,0.53,0.525
20260920_222952,2026-09-20T23:00:12,Model,SOL,SETTLED,KXSOL15M-26SEP210200-00,UP,10,0.25,4.0,0.14,2.64,0.0,-2.64,no,111.9007,111.76,111.7517,1180.07,0.331,0.068,,-13,0.52,0.53,0.525
20260920_222952,2026-09-20T23:00:12,Model,SOL,SETTLED,KXSOL15M-26SEP210200-00,UP,77,0.3,3.33,1.14,24.24,0.0,-24.24,no,111.9007,111.76,111.7517,1180.07,0.374,0.06,,-13,0.52,0.53,0.525
20260920_222952,2026-09-20T23:00:12,Late,SOL,SETTLED,KXSOL15M-26SEP210200-00,UP,3,0.08,12.5,0.02,0.26,0.0,-0.26,no,111.9007,111.76,111.7517,942.47,0.135,0.05,,-13,0.52,0.53,0.525
20260920_222952,2026-09-20T23:00:12,Scalper,SOL,SETTLED,KXSOL15M-26SEP210200-00,UP,36,0.26,3.85,0.49,9.85,0.0,-9.85,no,111.9007,111.76,111.7517,841.83,0.307,0.034,,-13,0.52,0.53,0.525
20260920_222952,2026-09-20T23:00:12,Scalper,SOL,SETTLED,KXSOL15M-26SEP210200-00,UP,56,0.17,5.88,0.56,10.08,0.0,-10.08,no,111.9007,111.76,111.7517,841.83,0.219,0.039,,-13,0.52,0.53,0.525
20260920_222952,2026-09-20T23:00:12,Scalper,SOL,SETTLED,KXSOL15M-26SEP210200-00,UP,48,0.17,5.88,0.48,8.64,0.0,-8.64,no,111.9007,111.76,111.7517,841.83,0.214,0.034,,-13,0.52,0.53,0.525
20260920_222952,2026-09-20T23:00:12,Scalper,SOL,SETTLED,KXSOL15M-26SEP210200-00,UP,10,0.15,6.67,0.09,1.59,0.0,-1.59,no,111.9007,111.76,111.7517,841.83,0.201,0.042,,-13,0.52,0.53,0.525
20260920_222952,2026-09-20T23:00:12,Scalper,SOL,SETTLED,KXSOL15M-26SEP210200-00,UP,67,0.13,7.69,0.54,9.25,0.0,-9.25,no,111.9007,111.76,111.7517,841.83,0.177,0.039,,-13,0.52,0.53,0.525
20260920_222952,2026-09-20T23:00:12,Scalper,SOL,SETTLED,KXSOL15M-26SEP210200-00,UP,51,0.15,6.67,0.46,8.11,0.0,-8.11,no,111.9007,111.76,111.7517,841.83,0.193,0.034,,-13,0.52,0.53,0.525
20260920_222952,2026-09-20T23:00:12,Scalper,SOL,SETTLED,KXSOL15M-26SEP210200-00,UP,26,0.08,12.35,0.14,2.25,0.0,-2.25,no,111.9007,111.76,111.7517,841.83,0.118,0.032,,-13,0.52,0.53,0.525
20260920_222952,2026-09-20T23:00:12,Anti Value,SOL,SETTLED,KXSOL15M-26SEP210200-00,DOWN,10,0.77,1.3,0.13,7.83,10.0,2.17,no,111.9007,111.76,111.7517,996.05,0.693,-0.089,,-13,0.52,0.53,0.525
20260920_222952,2026-09-20T23:00:12,Anti Model,SOL,SETTLED,KXSOL15M-26SEP210200-00,DOWN,2,0.81,1.23,0.03,1.65,2.0,0.35,no,111.9007,111.76,111.7517,779.83,0.701,-0.12,,-13,0.52,0.53,0.525
20260920_222952,2026-09-20T23:00:12,Anti Model,SOL,SETTLED,KXSOL15M-26SEP210200-00,DOWN,3,0.78,1.28,0.04,2.38,3.0,0.62,no,111.9007,111.76,111.7517,779.83,0.669,-0.123,,-13,0.52,0.53,0.525
20260920_222952,2026-09-20T23:00:12,Anti Model,SOL,SETTLED,KXSOL15M-26SEP210200-00,DOWN,32,0.74,1.35,0.44,24.12,32.0,7.88,no,111.9007,111.76,111.7517,779.83,0.626,-0.127,,-13,0.52,0.53,0.525
20260920_222952,2026-09-20T23:00:12,Anti Scalper,SOL,SETTLED,KXSOL15M-26SEP210200-00,DOWN,10,0.77,1.3,0.13,7.83,10.0,2.17,no,111.9007,111.76,111.7517,988.29,0.693,-0.089,,-13,0.52,0.53,0.525
20260920_222952,2026-09-20T23:00:12,Anti Scalper,SOL,SETTLED,KXSOL15M-26SEP210200-00,DOWN,5,0.86,1.16,0.05,4.35,5.0,0.65,no,111.9007,111.76,111.7517,988.29,0.781,-0.087,,-13,0.52,0.53,0.525
20260920_222952,2026-09-20T23:00:12,Anti Scalper,SOL,SETTLED,KXSOL15M-26SEP210200-00,DOWN,9,0.86,1.16,0.08,7.82,9.0,1.18,no,111.9007,111.76,111.7517,988.29,0.786,-0.082,,-13,0.52,0.53,0.525
20260920_222952,2026-09-20T23:00:12,Anti Scalper,SOL,SETTLED,KXSOL15M-26SEP210200-00,DOWN,1,0.88,1.14,0.01,0.89,1.0,0.11,no,111.9007,111.76,111.7517,988.29,0.799,-0.088,,-13,0.52,0.53,0.525
20260920_222952,2026-09-20T23:00:12,Anti Scalper,SOL,SETTLED,KXSOL15M-26SEP210200-00,DOWN,10,0.9,1.11,0.07,9.07,10.0,0.93,no,111.9007,111.76,111.7517,988.29,0.823,-0.083,,-13,0.52,0.53,0.525
20260920_222952,2026-09-20T23:00:12,Anti Scalper,SOL,SETTLED,KXSOL15M-26SEP210200-00,DOWN,9,0.88,1.14,0.07,7.99,9.0,1.01,no,111.9007,111.76,111.7517,988.29,0.807,-0.08,,-13,0.52,0.53,0.525
20260920_222952,2026-09-20T23:00:12,Anti Scalper,SOL,SETTLED,KXSOL15M-26SEP210200-00,DOWN,2,0.94,1.06,0.01,1.89,2.0,0.11,no,111.9007,111.76,111.7517,988.29,0.882,-0.062,,-13,0.52,0.53,0.525
20260920_222952,2026-09-20T23:00:42,Model,BTC,BET,KXBTC15M-26SEP210215-15,UP,81,0.66,1.52,1.28,54.74,,,,81522.7,81582.54,,1181.64,0.737,0.062,entry,858,0.64,0.65,0.645
20260920_222952,2026-09-20T23:00:42,Anti Model,BTC,BET,KXBTC15M-26SEP210215-15,DOWN,141,0.37,2.7,2.31,54.48,,,,81522.7,81582.54,,767.02,0.263,-0.123,entry,858,0.64,0.65,0.645
20260920_222952,2026-09-20T23:00:42,Model,XRP,BET,KXXRP15M-26SEP210215-15,UP,78,0.7,1.43,1.15,55.75,,,,1.4295,1.4321,,1177.43,0.772,0.057,entry,857,0.68,0.69,0.685
20260920_222952,2026-09-20T23:00:42,Anti Model,XRP,BET,KXXRP15M-26SEP210215-15,DOWN,161,0.33,3.03,2.5,55.63,,,,1.4295,1.4321,,759.16,0.228,-0.117,entry,857,0.68,0.69,0.685
20260920_222952,2026-09-20T23:00:47,Model,DOGE,BET,KXDOGE15M-26SEP210215-15,DOWN,10,0.22,4.55,0.13,2.33,,,,0.08835,0.08858,,1179.74,0.287,0.055,entry,852,0.79,0.8,0.795
20260920_222952,2026-09-20T23:00:47,Anti Model,DOGE,BET,KXDOGE15M-26SEP210215-15,UP,2,0.81,1.23,0.03,1.65,,,,0.08835,0.08858,,754.46,0.713,-0.108,entry,852,0.79,0.8,0.795
20260920_222952,2026-09-20T23:01:07,Model,DOGE,BET,KXDOGE15M-26SEP210215-15,DOWN,44,0.23,4.35,0.55,10.67,,,,0.08835,0.08856,,1183.16,0.299,0.057,entry,832,0.78,0.79,0.785
20260920_222952,2026-09-20T23:01:07,Anti Model,DOGE,BET,KXDOGE15M-26SEP210215-15,UP,13,0.8,1.25,0.15,10.55,,,,0.08835,0.08856,,745.13,0.701,-0.11,entry,832,0.78,0.79,0.785
20260920_222952,2026-09-20T23:01:52,Model,DOGE,BET,KXDOGE15M-26SEP210215-15,DOWN,70,0.21,4.76,0.82,15.52,,,,0.08835,0.08856,,1184.38,0.29,0.069,entry,788,0.8,0.82,0.81
20260920_222952,2026-09-20T23:01:52,Anti Model,DOGE,BET,KXDOGE15M-26SEP210215-15,UP,18,0.83,1.2,0.18,15.12,,,,0.08835,0.08856,,733.99,0.71,-0.13,entry,788,0.8,0.82,0.81
20260920_222952,2026-09-20T23:01:56,Value,DOGE,BET,KXDOGE15M-26SEP210215-15,DOWN,44,0.19,5.26,0.48,8.84,,,,0.08835,0.08856,,984.44,0.232,0.032,entry,784,0.82,0.83,0.825
20260920_222952,2026-09-20T23:01:56,Anti Value,DOGE,BET,KXDOGE15M-26SEP210215-15,UP,10,0.84,1.19,0.1,8.5,,,,0.08835,0.08856,,995.64,0.768,-0.081,entry,784,0.82,0.83,0.825
20260920_222952,2026-09-20T23:01:56,Scalper,DOGE,BET,KXDOGE15M-26SEP210215-15,DOWN,41,0.19,5.26,0.45,8.24,,,,0.08835,0.08856,,840.15,0.232,0.032,entry,784,0.82,0.83,0.825
20260920_222952,2026-09-20T23:01:56,Anti Scalper,DOGE,BET,KXDOGE15M-26SEP210215-15,UP,9,0.84,1.19,0.09,7.65,,,,0.08835,0.08856,,987.92,0.768,-0.081,entry,784,0.82,0.83,0.825
20260920_222952,2026-09-20T23:04:31,Scalper,DOGE,BET,KXDOGE15M-26SEP210215-15,DOWN,5,0.26,3.85,0.07,1.37,,,,0.08835,0.08845,,842.22,0.308,0.034,entry,628,0.75,0.77,0.76
20260920_222952,2026-09-20T23:04:31,Anti Scalper,DOGE,BET,KXDOGE15M-26SEP210215-15,UP,1,0.78,1.28,0.02,0.8,,,,0.08835,0.08845,,987.2,0.692,-0.1,entry,628,0.75,0.77,0.76
20260920_222952,2026-09-20T23:04:54,Scalper,DOGE,BET,KXDOGE15M-26SEP210215-15,DOWN,1,0.21,4.76,0.02,0.23,,,,0.08835,0.0885,,839.94,0.252,0.03,entry,605,0.8,0.82,0.81
20260920_222952,2026-09-20T23:09:07,Scalper,DOGE,BET,KXDOGE15M-26SEP210215-15,DOWN,13,0.41,2.44,0.23,5.56,,,,0.08835,0.08833,,847.63,0.463,0.036,entry,352,0.6,0.63,0.615
20260920_222952,2026-09-20T23:09:07,Anti Scalper,DOGE,BET,KXDOGE15M-26SEP210215-15,UP,8,0.64,1.56,0.13,5.25,,,,0.08835,0.08833,,985.07,0.537,-0.119,entry,352,0.6,0.63,0.615
20260920_222952,2026-09-20T23:09:10,Model,ETH,BET,KXETH15M-26SEP210215-15,DOWN,1,0.38,2.63,0.02,0.4,,,,2664.2,2664.87,,1175.44,0.452,0.056,entry,349,0.63,0.64,0.635
20260920_222952,2026-09-20T23:09:15,Scalper,DOGE,BET,KXDOGE15M-26SEP210215-15,DOWN,13,0.39,2.56,0.22,5.29,,,,0.08835,0.08833,,845.51,0.453,0.046,entry,344,0.62,0.65,0.635
20260920_222952,2026-09-20T23:09:15,Anti Scalper,DOGE,BET,KXDOGE15M-26SEP210215-15,UP,7,0.66,1.52,0.11,4.73,,,,0.08835,0.08833,,984.93,0.547,-0.129,entry,344,0.62,0.65,0.635
20260920_222952,2026-09-20T23:09:24,Scalper,DOGE,BET,KXDOGE15M-26SEP210215-15,DOWN,14,0.33,3.03,0.22,4.84,,,,0.08835,0.08833,,841.94,0.428,0.083,entry,335,0.68,0.69,0.685
20260920_222952,2026-09-20T23:09:24,Anti Scalper,DOGE,BET,KXDOGE15M-26SEP210215-15,UP,6,0.7,1.43,0.09,4.29,,,,0.08835,0.08833,,986.15,0.572,-0.143,entry,335,0.68,0.69,0.685
20260920_222952,2026-09-20T23:09:47,Model,ETH,BET,KXETH15M-26SEP210215-15,DOWN,75,0.36,2.78,1.21,28.21,,,,2664.2,2664.83,,1172.18,0.453,0.077,entry,312,0.65,0.66,0.655
20260920_222952,2026-09-20T23:09:47,Anti Model,ETH,BET,KXETH15M-26SEP210215-15,UP,41,0.67,1.49,0.64,28.11,,,,2664.2,2664.83,,770.12,0.547,-0.138,entry,312,0.65,0.66,0.655
20260920_222952,2026-09-20T23:10:06,Scalper,DOGE,BET,KXDOGE15M-26SEP210215-15,DOWN,30,0.33,3.03,0.47,10.37,,,,0.08835,0.08837,,838.13,0.379,0.034,entry,293,0.68,0.71,0.695
20260920_222952,2026-09-20T23:10:06,Anti Scalper,DOGE,BET,KXDOGE15M-26SEP210215-15,UP,6,0.72,1.39,0.09,4.41,,,,0.08835,0.08837,,985.72,0.621,-0.113,entry,293,0.68,0.71,0.695
20260920_222952,2026-09-20T23:10:10,Model,ETH,BET,KXETH15M-26SEP210215-15,DOWN,58,0.39,2.56,0.97,23.59,,,,2664.2,2664.73,,1178.94,0.463,0.056,entry,289,0.62,0.63,0.625
20260920_222952,2026-09-20T23:10:10,Anti Model,ETH,BET,KXETH15M-26SEP210215-15,UP,35,0.64,1.56,0.57,22.97,,,,2664.2,2664.73,,751.66,0.537,-0.119,entry,289,0.62,0.63,0.625
20260920_222952,2026-09-20T23:10:15,Scalper,DOGE,BET,KXDOGE15M-26SEP210215-15,DOWN,44,0.25,4.0,0.58,11.58,,,,0.08835,0.0884,,827.79,0.306,0.043,entry,284,0.76,0.78,0.77
20260920_222952,2026-09-20T23:10:38,Scalper,DOGE,BET,KXDOGE15M-26SEP210215-15,DOWN,39,0.21,4.76,0.46,8.65,,,,0.08835,0.08842,,817.7,0.256,0.035,entry,261,0.8,0.83,0.815
20260920_222952,2026-09-20T23:10:38,Anti Scalper,DOGE,BET,KXDOGE15M-26SEP210215-15,UP,10,0.84,1.19,0.1,8.5,,,,0.08835,0.08842,,989.7,0.744,-0.105,entry,261,0.8,0.83,0.815
20260920_222952,2026-09-20T23:10:51,Value,SOL,BET,KXSOL15M-26SEP210215-15,DOWN,31,0.49,2.04,0.55,15.74,,,,111.7517,111.7,,986.52,0.54,0.032,entry,248,0.52,0.53,0.525
20260920_222952,2026-09-20T23:10:51,Anti Value,SOL,BET,KXSOL15M-26SEP210215-15,UP,28,0.54,1.85,0.49,15.61,,,,111.7517,111.7,,993.17,0.46,-0.097,entry,248,0.52,0.53,0.525
20260920_222952,2026-09-20T23:10:51,Model,SOL,BET,KXSOL15M-26SEP210215-15,DOWN,84,0.49,2.04,1.47,42.63,,,,111.7517,111.7,,1175.95,0.605,0.097,entry,248,0.52,0.53,0.525
20260920_222952,2026-09-20T23:10:51,Anti Model,SOL,BET,KXSOL15M-26SEP210215-15,UP,76,0.54,1.85,1.33,42.37,,,,111.7517,111.7,,751.75,0.395,-0.162,entry,248,0.52,0.53,0.525
20260920_222952,2026-09-20T23:10:51,Scalper,SOL,BET,KXSOL15M-26SEP210215-15,DOWN,23,0.49,2.04,0.41,11.68,,,,111.7517,111.7,,833.68,0.54,0.032,entry,248,0.52,0.53,0.525
20260920_222952,2026-09-20T23:10:51,Anti Scalper,SOL,BET,KXSOL15M-26SEP210215-15,UP,20,0.54,1.85,0.35,11.15,,,,111.7517,111.7,,985.18,0.46,-0.097,entry,248,0.52,0.53,0.525
20260920_222952,2026-09-20T23:11:08,Scalper,DOGE,BET,KXDOGE15M-26SEP210215-15,DOWN,49,0.19,5.26,0.53,9.84,,,,0.08835,0.08842,,811.11,0.242,0.041,entry,232,0.82,0.84,0.83
20260920_222952,2026-09-20T23:11:08,Anti Scalper,DOGE,BET,KXDOGE15M-26SEP210215-15,UP,10,0.85,1.18,0.09,8.59,,,,0.08835,0.08842,,989.86,0.758,-0.101,entry,232,0.82,0.84,0.83
20260920_222952,2026-09-20T23:11:23,Favorite,SOL,BET,KXSOL15M-26SEP210215-15,DOWN,3,0.62,1.61,0.05,1.91,,,,111.7517,111.69,,1040.53,0.64,0.003,entry,217,0.39,0.4,0.395
20260920_222952,2026-09-20T23:11:23,Anti Favorite,SOL,BET,KXSOL15M-26SEP210215-15,UP,4,0.41,2.44,0.07,1.71,,,,111.7517,111.69,,951.75,0.36,-0.067,entry,217,0.39,0.4,0.395
20260920_222952,2026-09-20T23:11:48,Value,ETH,BET,KXETH15M-26SEP210215-15,DOWN,50,0.4,2.5,0.84,20.84,,,,2664.2,2664.14,,989.59,0.468,0.051,entry,192,0.61,0.62,0.615
20260920_222952,2026-09-20T23:11:48,Anti Value,ETH,BET,KXETH15M-26SEP210215-15,UP,32,0.63,1.59,0.53,20.69,,,,2664.2,2664.14,,984.97,0.532,-0.114,entry,192,0.61,0.62,0.615
20260920_222952,2026-09-20T23:11:48,Scalper,ETH,BET,KXETH15M-26SEP210215-15,DOWN,27,0.4,2.5,0.46,11.26,,,,2664.2,2664.14,,828.3,0.468,0.051,entry,192,0.61,0.62,0.615
20260920_222952,2026-09-20T23:11:48,Anti Scalper,ETH,BET,KXETH15M-26SEP210215-15,UP,17,0.63,1.59,0.28,10.99,,,,2664.2,2664.14,,980.27,0.532,-0.114,entry,192,0.61,0.62,0.615
20260920_222952,2026-09-20T23:11:57,Scalper,ETH,BET,KXETH15M-26SEP210215-15,DOWN,43,0.24,4.17,0.55,10.87,,,,2664.2,2665.2,,796.35,0.296,0.044,entry,183,0.77,0.78,0.775
20260920_222952,2026-09-20T23:11:57,Anti Scalper,ETH,BET,KXETH15M-26SEP210215-15,UP,13,0.79,1.27,0.16,10.43,,,,2664.2,2665.2,,990.78,0.704,-0.098,entry,183,0.77,0.78,0.775
20260920_222952,2026-09-20T23:12:03,Favorite,XRP,BET,KXXRP15M-26SEP210215-15,UP,20,0.65,1.54,0.32,13.32,,,,1.4295,1.4299,,1039.15,0.691,0.025,entry,177,0.63,0.64,0.635
20260920_222952,2026-09-20T23:12:03,Anti Favorite,XRP,BET,KXXRP15M-26SEP210215-15,DOWN,33,0.38,2.63,0.55,13.09,,,,1.4295,1.4299,,950.28,0.309,-0.087,entry,177,0.63,0.64,0.635
20260920_222952,2026-09-20T23:12:05,Value,XRP,BET,KXXRP15M-26SEP210215-15,UP,20,0.7,1.43,0.3,14.3,,,,1.4295,1.4306,,959.45,0.753,0.039,entry,175,0.67,0.69,0.68
20260920_222952,2026-09-20T23:12:05,Anti Value,XRP,BET,KXXRP15M-26SEP210215-15,DOWN,40,0.34,2.94,0.63,14.23,,,,1.4295,1.4306,,1001.34,0.247,-0.109,entry,175,0.67,0.69,0.68
20260920_222952,2026-09-20T23:12:05,Scalper,XRP,BET,KXXRP15M-26SEP210215-15,UP,15,0.7,1.43,0.23,10.73,,,,1.4295,1.4306,,767.99,0.753,0.039,entry,175,0.67,0.69,0.68
20260920_222952,2026-09-20T23:12:05,Anti Scalper,XRP,BET,KXXRP15M-26SEP210215-15,DOWN,30,0.34,2.94,0.48,10.68,,,,1.4295,1.4306,,1000.56,0.247,-0.109,entry,175,0.67,0.69,0.68
20260920_222952,2026-09-20T23:12:27,Scalper,ETH,BET,KXETH15M-26SEP210215-15,DOWN,25,0.05,18.87,0.09,1.42,,,,2664.2,2666.83,,755.78,0.094,0.038,entry,153,0.957,0.958,0.958
20260920_222952,2026-09-20T23:12:27,Anti Scalper,ETH,BET,KXETH15M-26SEP210215-15,UP,1,0.97,1.03,0.01,0.98,,,,2664.2,2666.83,,1001.62,0.906,-0.064,entry,153,0.957,0.958,0.958
20260920_222952,2026-09-20T23:12:30,Late,ETH,BET,KXETH15M-26SEP210215-15,DOWN,5,0.06,16.13,0.03,0.34,,,,2664.2,2666.83,,942.34,0.143,0.077,entry,150,0.948,0.954,0.951
20260920_222952,2026-09-20T23:12:32,Late,SOL,BET,KXSOL15M-26SEP210215-15,DOWN,1,0.3,3.33,0.02,0.32,,,,111.7517,111.78,,942.39,0.349,0.034,entry,148,0.71,0.72,0.715
20260920_222952,2026-09-20T23:12:33,Late,XRP,BET,KXXRP15M-26SEP210215-15,UP,2,0.92,1.09,0.02,1.86,,,,1.4295,1.432,,942.32,0.964,0.039,entry,147,0.905,0.91,0.907
20260920_222952,2026-09-20T23:12:33,Anti Late,XRP,BET,KXXRP15M-26SEP210215-15,DOWN,1,0.1,9.52,0.01,0.11,,,,1.4295,1.432,,1002.76,0.036,-0.076,entry,147,0.905,0.91,0.907
20260920_222952,2026-09-20T23:12:39,Scalper,ETH,BET,KXETH15M-26SEP210215-15,DOWN,35,0.1,10.0,0.23,3.73,,,,2664.2,2666.17,,761.79,0.152,0.045,entry,141,0.91,0.913,0.911
20260920_222952,2026-09-20T23:12:46,Model,SOL,BET,KXSOL15M-26SEP210215-15,DOWN,1,0.24,4.17,0.02,0.26,,,,111.7517,111.78,,1138.77,0.342,0.09,entry,134,0.77,0.78,0.775
20260920_222952,2026-09-20T23:12:46,Scalper,SOL,BET,KXSOL15M-26SEP210215-15,DOWN,29,0.24,4.17,0.38,7.34,,,,111.7517,111.78,,751.64,0.284,0.031,entry,134,0.77,0.78,0.775
20260920_222952,2026-09-20T23:12:46,Anti Scalper,SOL,BET,KXSOL15M-26SEP210215-15,UP,9,0.79,1.27,0.11,7.22,,,,111.7517,111.78,,1001.66,0.716,-0.086,entry,134,0.77,0.78,0.775
20260920_222952,2026-09-20T23:12:48,Scalper,XRP,SOLD,KXXRP15M-26SEP210215-15,UP,15,0.95,1.43,0.23,10.73,14.14,3.41,,1.4295,1.4321,,750.5,0.753,0.039,capture,132,0.957,0.961,0.959
20260920_222952,2026-09-20T23:12:48,Anti Scalper,XRP,SOLD,KXXRP15M-26SEP210215-15,DOWN,30,0.03,2.94,0.48,10.68,0.81,-9.87,,1.4295,1.4321,,1000.73,0.247,-0.109,mirror,132,0.957,0.961,0.959
20260920_222952,2026-09-20T23:12:50,Late,ETH,BET,KXETH15M-26SEP210215-15,DOWN,1,0.06,18.18,0.01,0.07,,,,2664.2,2667.07,,942.25,0.103,0.045,entry,130,0.955,0.956,0.956
20260920_222952,2026-09-20T23:13:01,Late,SOL,BET,KXSOL15M-26SEP210215-15,DOWN,5,0.36,2.78,0.09,1.89,,,,111.7517,111.75,,942.14,0.449,0.073,entry,119,0.65,0.69,0.67
20260920_222952,2026-09-20T23:13:01,Anti Late,SOL,BET,KXSOL15M-26SEP210215-15,UP,2,0.7,1.43,0.03,1.43,,,,111.7517,111.75,,1002.56,0.551,-0.164,entry,119,0.65,0.69,0.67
20260920_222952,2026-09-20T23:13:06,Scalper,SOL,BET,KXSOL15M-26SEP210215-15,DOWN,22,0.45,2.22,0.39,10.29,,,,111.7517,111.72,,772.47,0.498,0.031,entry,114,0.56,0.6,0.58
20260920_222952,2026-09-20T23:13:06,Anti Scalper,SOL,BET,KXSOL15M-26SEP210215-15,UP,5,0.61,1.64,0.09,3.14,,,,111.7517,111.72,,990.45,0.502,-0.125,entry,114,0.56,0.6,0.58
20260920_222952,2026-09-20T23:13:07,Scalper,ETH,BET,KXETH15M-26SEP210215-15,DOWN,14,0.18,5.56,0.15,2.67,,,,2664.2,2665.51,,770.88,0.225,0.034,entry,113,0.83,0.84,0.835
20260920_222952,2026-09-20T23:13:07,Anti Scalper,ETH,BET,KXETH15M-26SEP210215-15,UP,3,0.85,1.18,0.03,2.58,,,,2664.2,2665.51,,990.67,0.775,-0.084,entry,113,0.83,0.84,0.835
20260920_222952,2026-09-20T23:13:14,Scalper,SOL,BET,KXSOL15M-26SEP210215-15,DOWN,23,0.44,2.27,0.4,10.52,,,,111.7517,111.72,,760.62,0.491,0.033,entry,106,0.57,0.63,0.6
20260920_222952,2026-09-20T23:13:14,Anti Scalper,SOL,BET,KXSOL15M-26SEP210215-15,UP,16,0.64,1.56,0.26,10.5,,,,111.7517,111.72,,990.81,0.509,-0.147,entry,106,0.57,0.63,0.6
20260920_222952,2026-09-20T23:13:16,Scalper,ETH,BET,KXETH15M-26SEP210215-15,DOWN,49,0.12,8.33,0.37,6.25,,,,2664.2,2665.82,,754.31,0.162,0.035,entry,104,0.89,0.9,0.895
20260920_222952,2026-09-20T23:13:16,Anti Scalper,ETH,BET,KXETH15M-26SEP210215-15,UP,6,0.91,1.1,0.04,5.5,,,,2664.2,2665.82,,992.73,0.838,-0.078,entry,104,0.89,0.9,0.895
20260920_222952,2026-09-20T23:13:22,Scalper,SOL,BET,KXSOL15M-26SEP210215-15,DOWN,22,0.46,2.17,0.39,10.51,,,,111.7517,111.71,,763.54,0.539,0.062,entry,98,0.55,0.56,0.555
20260920_222952,2026-09-20T23:13:22,Anti Scalper,SOL,BET,KXSOL15M-26SEP210215-15,UP,17,0.57,1.75,0.3,9.99,,,,111.7517,111.71,,988.96,0.461,-0.126,entry,98,0.55,0.56,0.555
20260920_222952,2026-09-20T23:13:25,Scalper,ETH,BET,KXETH15M-26SEP210215-15,DOWN,16,0.15,6.67,0.15,2.55,,,,2664.2,2665.53,,759.76,0.195,0.036,entry,95,0.86,0.87,0.865
20260920_222952,2026-09-20T23:13:25,Anti Scalper,ETH,BET,KXETH15M-26SEP210215-15,UP,2,0.88,1.14,0.02,1.78,,,,2664.2,2665.53,,988.54,0.805,-0.082,entry,95,0.86,0.87,0.865
20260920_222952,2026-09-20T23:13:33,Scalper,SOL,BET,KXSOL15M-26SEP210215-15,DOWN,15,0.64,1.56,0.25,9.85,,,,111.7517,111.67,,831.37,0.719,0.063,entry,87,0.37,0.38,0.375
20260920_222952,2026-09-20T23:13:33,Anti Scalper,SOL,BET,KXSOL15M-26SEP210215-15,UP,9,0.39,2.56,0.15,3.66,,,,111.7517,111.67,,966.0,0.281,-0.126,entry,87,0.37,0.38,0.375
20260920_222952,2026-09-20T23:13:34,Scalper,ETH,BET,KXETH15M-26SEP210215-15,DOWN,28,0.32,3.12,0.43,9.39,,,,2664.2,2664.67,,819.76,0.372,0.037,entry,86,0.69,0.7,0.695
20260920_222952,2026-09-20T23:13:34,Anti Scalper,ETH,BET,KXETH15M-26SEP210215-15,UP,12,0.71,1.41,0.18,8.7,,,,2664.2,2664.67,,967.61,0.628,-0.096,entry,86,0.69,0.7,0.695
20260920_222952,2026-09-20T23:13:41,Scalper,SOL,BET,KXSOL15M-26SEP210215-15,DOWN,10,0.66,1.52,0.16,6.76,,,,111.7517,111.67,,811.07,0.738,0.062,entry,78,0.35,0.37,0.36
20260920_222952,2026-09-20T23:13:41,Anti Scalper,SOL,BET,KXSOL15M-26SEP210215-15,UP,17,0.38,2.63,0.29,6.75,,,,111.7517,111.67,,967.31,0.262,-0.134,entry,78,0.35,0.37,0.36
20260920_222952,2026-09-20T23:13:42,Scalper,ETH,BET,KXETH15M-26SEP210215-15,DOWN,15,0.3,3.33,0.23,4.73,,,,2664.2,2664.51,,814.89,0.382,0.067,entry,78,0.71,0.72,0.715
20260920_222952,2026-09-20T23:13:42,Anti Scalper,ETH,BET,KXETH15M-26SEP210215-15,UP,6,0.73,1.37,0.09,4.47,,,,2664.2,2664.51,,965.9,0.618,-0.126,entry,78,0.71,0.72,0.715
20260920_222952,2026-09-20T23:13:49,Scalper,SOL,BET,KXSOL15M-26SEP210215-15,DOWN,9,0.56,1.79,0.16,5.2,,,,111.7517,111.7,,758.05,0.629,0.051,entry,70,0.45,0.49,0.47
20260920_222952,2026-09-20T23:13:49,Anti Scalper,SOL,BET,KXSOL15M-26SEP210215-15,UP,10,0.5,2.0,0.18,5.18,,,,111.7517,111.7,,984.21,0.371,-0.147,entry,70,0.45,0.49,0.47
20260920_222952,2026-09-20T23:13:50,Scalper,ETH,BET,KXETH15M-26SEP210215-15,DOWN,71,0.13,7.69,0.57,9.8,,,,2664.2,2665.2,,753.18,0.194,0.056,entry,69,0.88,0.89,0.885
20260920_222952,2026-09-20T23:13:50,Anti Scalper,ETH,BET,KXETH15M-26SEP210215-15,UP,10,0.9,1.11,0.07,9.07,,,,2664.2,2665.2,,984.49,0.806,-0.1,entry,69,0.88,0.89,0.885
20260920_222952,2026-09-20T23:13:58,Scalper,ETH,BET,KXETH15M-26SEP210215-15,DOWN,66,0.11,9.17,0.45,7.64,,,,2664.2,2664.94,,732.13,0.209,0.093,entry,61,0.901,0.916,0.909
20260920_222952,2026-09-20T23:13:58,Anti Scalper,ETH,BET,KXETH15M-26SEP210215-15,UP,8,0.93,1.08,0.04,7.45,,,,2664.2,2664.94,,992.9,0.791,-0.14,entry,61,0.901,0.916,0.909
20260920_222952,2026-09-20T23:14:07,Scalper,SOL,SOLD,KXSOL15M-26SEP210215-15,DOWN,29,0.85,4.17,0.38,7.34,24.39,17.05,,111.7517,111.68,,974.07,0.284,0.031,capture,52,0.11,0.14,0.125
20260920_222952,2026-09-20T23:14:07,Anti Scalper,SOL,SOLD,KXSOL15M-26SEP210215-15,UP,9,0.1,1.27,0.11,7.22,0.84,-6.38,,111.7517,111.68,,914.9,0.716,-0.086,mirror,52,0.11,0.14,0.125
20260920_222952,2026-09-20T23:14:09,Scalper,SOL,SOLD,KXSOL15M-26SEP210215-15,DOWN,22,0.89,2.22,0.39,10.29,19.5,9.21,,111.7517,111.67,,971.15,0.498,0.031,capture,50,0.076,0.097,0.086
20260920_222952,2026-09-20T23:14:09,Scalper,SOL,SOLD,KXSOL15M-26SEP210215-15,DOWN,23,0.89,2.27,0.4,10.52,20.38,9.86,,111.7517,111.67,,971.15,0.491,0.033,capture,50,0.076,0.097,0.086
20260920_222952,2026-09-20T23:14:09,Scalper,SOL,SOLD,KXSOL15M-26SEP210215-15,DOWN,22,0.89,2.17,0.39,10.51,19.5,8.99,,111.7517,111.67,,971.15,0.539,0.062,capture,50,0.076,0.097,0.086
20260920_222952,2026-09-20T23:14:09,Anti Scalper,SOL,SOLD,KXSOL15M-26SEP210215-15,UP,5,0.07,1.64,0.09,3.14,0.3,-2.84,,111.7517,111.67,,912.3,0.502,-0.125,mirror,50,0.076,0.097,0.086
20260920_222952,2026-09-20T23:14:09,Anti Scalper,SOL,SOLD,KXSOL15M-26SEP210215-15,UP,16,0.07,1.56,0.26,10.5,0.99,-9.51,,111.7517,111.67,,912.3,0.509,-0.147,mirror,50,0.076,0.097,0.086
20260920_222952,2026-09-20T23:14:09,Anti Scalper,SOL,SOLD,KXSOL15M-26SEP210215-15,UP,17,0.07,1.75,0.3,9.99,1.04,-8.95,,111.7517,111.67,,912.3,0.461,-0.126,mirror,50,0.076,0.097,0.086
20260920_222952,2026-09-20T23:14:10,Scalper,SOL,SOLD,KXSOL15M-26SEP210215-15,DOWN,23,0.92,2.04,0.41,11.68,20.96,9.28,,111.7517,111.67,,960.57,0.54,0.032,capture,49,0.072,0.073,0.072
20260920_222952,2026-09-20T23:14:10,Scalper,SOL,SOLD,KXSOL15M-26SEP210215-15,DOWN,9,0.92,1.79,0.16,5.2,8.2,3.0,,111.7517,111.67,,960.57,0.629,0.051,capture,49,0.072,0.073,0.072
20260920_222952,2026-09-20T23:14:10,Anti Scalper,SOL,SOLD,KXSOL15M-26SEP210215-15,UP,20,0.06,1.85,0.35,11.15,1.15,-10.0,,111.7517,111.67,,912.58,0.46,-0.097,mirror,49,0.072,0.073,0.072
20260920_222952,2026-09-20T23:14:10,Anti Scalper,SOL,SOLD,KXSOL15M-26SEP210215-15,UP,10,0.06,2.0,0.18,5.18,0.57,-4.61,,111.7517,111.67,,912.58,0.371,-0.147,mirror,49,0.072,0.073,0.072
20260920_222952,2026-09-20T23:14:11,Scalper,XRP,BET,KXXRP15M-26SEP210215-15,DOWN,59,0.14,7.14,0.5,8.76,,,,1.4295,1.4294,,958.45,0.189,0.04,entry,48,0.87,0.88,0.875
20260920_222952,2026-09-20T23:14:11,Anti Scalper,XRP,BET,KXXRP15M-26SEP210215-15,UP,9,0.89,1.12,0.07,8.08,,,,1.4295,1.4294,,912.25,0.811,-0.086,entry,48,0.87,0.88,0.875
20260920_222952,2026-09-20T23:14:12,Scalper,SOL,SOLD,KXSOL15M-26SEP210215-15,DOWN,15,0.93,1.56,0.25,9.85,13.86,4.01,,111.7517,111.66,,1057.57,0.719,0.063,capture,47,0.042,0.061,0.052
20260920_222952,2026-09-20T23:14:12,Anti Scalper,SOL,SOLD,KXSOL15M-26SEP210215-15,UP,9,0.03,2.56,0.15,3.66,0.27,-3.39,,111.7517,111.66,,893.12,0.281,-0.126,mirror,47,0.042,0.061,0.052
20260920_222952,2026-09-20T23:14:13,Scalper,SOL,SOLD,KXSOL15M-26SEP210215-15,DOWN,10,0.95,1.52,0.16,6.76,9.46,2.7,,111.7517,111.64,,1089.79,0.738,0.062,capture,46,0.03,0.04,0.035
20260920_222952,2026-09-20T23:14:13,Anti Scalper,SOL,SOLD,KXSOL15M-26SEP210215-15,UP,17,0.02,2.63,0.29,6.75,0.31,-6.44,,111.7517,111.64,,886.72,0.262,-0.134,mirror,46,0.03,0.04,0.035
20260920_222952,2026-09-20T23:14:16,Scalper,ETH,SOLD,KXETH15M-26SEP210215-15,DOWN,43,0.86,4.17,0.55,10.87,36.61,25.74,,2664.2,2663.6,,1110.77,0.296,0.044,capture,43,0.12,0.13,0.125
20260920_222952,2026-09-20T23:14:16,Scalper,ETH,SOLD,KXETH15M-26SEP210215-15,DOWN,25,0.86,18.87,0.09,1.42,21.28,19.86,,2664.2,2663.6,,1110.77,0.094,0.038,capture,43,0.12,0.13,0.125
20260920_222952,2026-09-20T23:14:16,Scalper,ETH,SOLD,KXETH15M-26SEP210215-15,DOWN,35,0.86,10.0,0.23,3.73,29.8,26.07,,2664.2,2663.6,,1110.77,0.152,0.045,capture,43,0.12,0.13,0.125
20260920_222952,2026-09-20T23:14:16,Scalper,ETH,SOLD,KXETH15M-26SEP210215-15,DOWN,14,0.86,5.56,0.15,2.67,11.92,9.25,,2664.2,2663.6,,1110.77,0.225,0.034,capture,43,0.12,0.13,0.125
20260920_222952,2026-09-20T23:14:16,Scalper,ETH,SOLD,KXETH15M-26SEP210215-15,DOWN,49,0.86,8.33,0.37,6.25,41.72,35.47,,2664.2,2663.6,,1110.77,0.162,0.035,capture,43,0.12,0.13,0.125
20260920_222952,2026-09-20T23:14:16,Scalper,ETH,SOLD,KXETH15M-26SEP210215-15,DOWN,16,0.86,6.67,0.15,2.55,13.62,11.07,,2664.2,2663.6,,1110.77,0.195,0.036,capture,43,0.12,0.13,0.125
20260920_222952,2026-09-20T23:14:16,Scalper,ETH,SOLD,KXETH15M-26SEP210215-15,DOWN,15,0.86,3.33,0.23,4.73,12.77,8.04,,2664.2,2663.6,,1110.77,0.382,0.067,capture,43,0.12,0.13,0.125
20260920_222952,2026-09-20T23:14:16,Scalper,ETH,SOLD,KXETH15M-26SEP210215-15,DOWN,71,0.86,7.69,0.57,9.8,60.46,50.66,,2664.2,2663.6,,1110.77,0.194,0.056,capture,43,0.12,0.13,0.125
20260920_222952,2026-09-20T23:14:16,Scalper,ETH,SOLD,KXETH15M-26SEP210215-15,DOWN,66,0.86,9.17,0.45,7.64,56.2,48.56,,2664.2,2663.6,,1110.77,0.209,0.093,capture,43,0.12,0.13,0.125
20260920_222952,2026-09-20T23:14:16,Anti Scalper,ETH,SOLD,KXETH15M-26SEP210215-15,UP,13,0.11,1.27,0.16,10.43,1.34,-9.09,,2664.2,2663.6,,883.48,0.704,-0.098,mirror,43,0.12,0.13,0.125
20260920_222952,2026-09-20T23:14:16,Anti Scalper,ETH,SOLD,KXETH15M-26SEP210215-15,UP,1,0.11,1.03,0.01,0.98,0.1,-0.88,,2664.2,2663.6,,883.48,0.906,-0.064,mirror,43,0.12,0.13,0.125
20260920_222952,2026-09-20T23:14:16,Anti Scalper,ETH,SOLD,KXETH15M-26SEP210215-15,UP,3,0.11,1.18,0.03,2.58,0.3,-2.28,,2664.2,2663.6,,883.48,0.775,-0.084,mirror,43,0.12,0.13,0.125
20260920_222952,2026-09-20T23:14:16,Anti Scalper,ETH,SOLD,KXETH15M-26SEP210215-15,UP,6,0.11,1.1,0.04,5.5,0.61,-4.89,,2664.2,2663.6,,883.48,0.838,-0.078,mirror,43,0.12,0.13,0.125
20260920_222952,2026-09-20T23:14:16,Anti Scalper,ETH,SOLD,KXETH15M-26SEP210215-15,UP,2,0.11,1.14,0.02,1.78,0.2,-1.58,,2664.2,2663.6,,883.48,0.805,-0.082,mirror,43,0.12,0.13,0.125
20260920_222952,2026-09-20T23:14:16,Anti Scalper,ETH,SOLD,KXETH15M-26SEP210215-15,UP,6,0.11,1.37,0.09,4.47,0.61,-3.86,,2664.2,2663.6,,883.48,0.618,-0.126,mirror,43,0.12,0.13,0.125
20260920_222952,2026-09-20T23:14:16,Anti Scalper,ETH,SOLD,KXETH15M-26SEP210215-15,UP,10,0.11,1.11,0.07,9.07,1.03,-8.04,,2664.2,2663.6,,883.48,0.806,-0.1,mirror,43,0.12,0.13,0.125
20260920_222952,2026-09-20T23:14:16,Anti Scalper,ETH,SOLD,KXETH15M-26SEP210215-15,UP,8,0.11,1.08,0.04,7.45,0.82,-6.63,,2664.2,2663.6,,883.48,0.791,-0.14,mirror,43,0.12,0.13,0.125
20260920_222952,2026-09-20T23:14:18,Scalper,ETH,SOLD,KXETH15M-26SEP210215-15,DOWN,27,0.92,2.5,0.46,11.26,24.64,13.38,,2664.2,2663.42,,1125.13,0.468,0.051,capture,41,0.05,0.072,0.061
20260920_222952,2026-09-20T23:14:18,Scalper,ETH,SOLD,KXETH15M-26SEP210215-15,DOWN,28,0.92,3.12,0.43,9.39,25.55,16.16,,2664.2,2663.42,,1125.13,0.372,0.037,capture,41,0.05,0.072,0.061
20260920_222952,2026-09-20T23:14:18,Anti Scalper,ETH,SOLD,KXETH15M-26SEP210215-15,UP,17,0.04,1.59,0.28,10.99,0.63,-10.36,,2664.2,2663.42,,879.46,0.532,-0.114,mirror,41,0.05,0.072,0.061
20260920_222952,2026-09-20T23:14:18,Anti Scalper,ETH,SOLD,KXETH15M-26SEP210215-15,UP,12,0.04,1.41,0.18,8.7,0.44,-8.26,,2664.2,2663.42,,879.46,0.628,-0.096,mirror,41,0.05,0.072,0.061
20260920_222952,2026-09-20T23:14:20,Scalper,XRP,BET,KXXRP15M-26SEP210215-15,DOWN,60,0.26,3.85,0.81,16.41,,,,1.4295,1.429,,1109.64,0.338,0.065,entry,39,0.75,0.76,0.755
20260920_222952,2026-09-20T23:14:20,Anti Scalper,XRP,BET,KXXRP15M-26SEP210215-15,UP,17,0.77,1.3,0.22,13.31,,,,1.4295,1.429,,880.78,0.662,-0.12,entry,39,0.75,0.76,0.755
20260920_222952,2026-09-20T23:14:28,Scalper,XRP,BET,KXXRP15M-26SEP210215-15,DOWN,64,0.1,10.2,0.4,6.67,,,,1.4295,1.4294,,1088.24,0.15,0.046,entry,31,0.912,0.928,0.92
20260920_222952,2026-09-20T23:14:28,Anti Scalper,XRP,BET,KXXRP15M-26SEP210215-15,UP,3,0.94,1.07,0.02,2.83,,,,1.4295,1.4294,,885.06,0.85,-0.092,entry,31,0.912,0.928,0.92
20260920_222952,2026-09-20T23:14:31,Favorite,ETH,BET,KXETH15M-26SEP210215-15,DOWN,84,0.64,1.56,1.36,55.12,,,,2664.2,2664.1,,1043.31,0.731,0.074,entry,28,0.37,0.38,0.375
20260920_222952,2026-09-20T23:14:31,Anti Favorite,ETH,BET,KXETH15M-26SEP210215-15,UP,43,0.39,2.56,0.72,17.49,,,,2664.2,2664.1,,935.49,0.269,-0.138,entry,28,0.37,0.38,0.375
20260920_222952,2026-09-20T23:14:32,Scalper,ETH,BET,KXETH15M-26SEP210215-15,DOWN,30,0.52,1.92,0.53,16.13,,,,2664.2,2664.4,,1076.14,0.578,0.041,entry,27,0.49,0.5,0.495
20260920_222952,2026-09-20T23:14:32,Anti Scalper,ETH,BET,KXETH15M-26SEP210215-15,UP,21,0.51,1.96,0.37,11.08,,,,2664.2,2664.4,,886.22,0.422,-0.105,entry,27,0.49,0.5,0.495
20260920_222952,2026-09-20T23:15:05,Value,XRP,SETTLED,KXXRP15M-26SEP210215-15,UP,20,0.7,1.43,0.3,14.3,20.0,5.7,yes,1.4295,1.4317,1.4301,1007.16,0.753,0.039,,-6,0.999,0.0,0.499
20260920_222952,2026-09-20T23:15:05,Model,XRP,SETTLED,KXXRP15M-26SEP210215-15,UP,30,0.51,1.96,0.53,15.83,30.0,14.17,yes,1.4295,1.4317,1.4301,1259.86,0.589,0.062,,-6,0.999,0.0,0.499
20260920_222952,2026-09-20T23:15:05,Model,XRP,SETTLED,KXXRP15M-26SEP210215-15,UP,78,0.7,1.43,1.15,55.75,78.0,22.25,yes,1.4295,1.4317,1.4301,1259.86,0.772,0.057,,-6,0.999,0.0,0.499
20260920_222952,2026-09-20T23:15:05,Late,XRP,SETTLED,KXXRP15M-26SEP210215-15,UP,2,0.92,1.09,0.02,1.86,2.0,0.14,yes,1.4295,1.4317,1.4301,946.37,0.964,0.039,,-6,0.999,0.0,0.499
20260920_222952,2026-09-20T23:15:05,Scalper,XRP,SETTLED,KXXRP15M-26SEP210215-15,DOWN,59,0.14,7.14,0.5,8.76,0.0,-8.76,yes,1.4295,1.4317,1.4301,1141.76,0.189,0.04,,-6,0.999,0.0,0.499
20260920_222952,2026-09-20T23:15:05,Scalper,XRP,SETTLED,KXXRP15M-26SEP210215-15,DOWN,60,0.26,3.85,0.81,16.41,0.0,-16.41,yes,1.4295,1.4317,1.4301,1141.76,0.338,0.065,,-6,0.999,0.0,0.499
20260920_222952,2026-09-20T23:15:05,Scalper,XRP,SETTLED,KXXRP15M-26SEP210215-15,DOWN,64,0.1,10.2,0.4,6.67,0.0,-6.67,yes,1.4295,1.4317,1.4301,1141.76,0.15,0.046,,-6,0.999,0.0,0.499
20260920_222952,2026-09-20T23:15:05,Favorite,XRP,SETTLED,KXXRP15M-26SEP210215-15,UP,20,0.65,1.54,0.32,13.32,20.0,6.68,yes,1.4295,1.4317,1.4301,1048.46,0.691,0.025,,-6,0.999,0.0,0.499
20260920_222952,2026-09-20T23:15:05,Anti Value,XRP,SETTLED,KXXRP15M-26SEP210215-15,DOWN,40,0.34,2.94,0.63,14.23,0.0,-14.23,yes,1.4295,1.4317,1.4301,983.3,0.247,-0.109,,-6,0.999,0.0,0.499
20260920_222952,2026-09-20T23:15:05,Anti Model,XRP,SETTLED,KXXRP15M-26SEP210215-15,DOWN,29,0.52,1.92,0.51,15.59,0.0,-15.59,yes,1.4295,1.4317,1.4301,716.12,0.411,-0.126,,-6,0.999,0.0,0.499
20260920_222952,2026-09-20T23:15:05,Anti Model,XRP,SETTLED,KXXRP15M-26SEP210215-15,DOWN,161,0.33,3.03,2.5,55.63,0.0,-55.63,yes,1.4295,1.4317,1.4301,716.12,0.228,-0.117,,-6,0.999,0.0,0.499
20260920_222952,2026-09-20T23:15:05,Anti Late,XRP,SETTLED,KXXRP15M-26SEP210215-15,DOWN,1,0.1,9.52,0.01,0.11,0.0,-0.11,yes,1.4295,1.4317,1.4301,1002.68,0.036,-0.076,,-6,0.999,0.0,0.499
20260920_222952,2026-09-20T23:15:05,Anti Scalper,XRP,SETTLED,KXXRP15M-26SEP210215-15,UP,9,0.89,1.12,0.07,8.08,9.0,0.92,yes,1.4295,1.4317,1.4301,887.85,0.811,-0.086,,-6,0.999,0.0,0.499
20260920_222952,2026-09-20T23:15:05,Anti Scalper,XRP,SETTLED,KXXRP15M-26SEP210215-15,UP,17,0.77,1.3,0.22,13.31,17.0,3.69,yes,1.4295,1.4317,1.4301,887.85,0.662,-0.12,,-6,0.999,0.0,0.499
20260920_222952,2026-09-20T23:15:05,Anti Scalper,XRP,SETTLED,KXXRP15M-26SEP210215-15,UP,3,0.94,1.07,0.02,2.83,3.0,0.17,yes,1.4295,1.4317,1.4301,887.85,0.85,-0.092,,-6,0.999,0.0,0.499
20260920_222952,2026-09-20T23:15:05,Anti Favorite,XRP,SETTLED,KXXRP15M-26SEP210215-15,DOWN,33,0.38,2.63,0.55,13.09,0.0,-13.09,yes,1.4295,1.4317,1.4301,938.88,0.309,-0.087,,-6,0.999,0.0,0.499
20260920_222952,2026-09-20T23:15:06,Model,BTC,SETTLED,KXBTC15M-26SEP210215-15,UP,81,0.66,1.52,1.28,54.74,81.0,26.26,yes,81522.7,81667.99,81615.34,1286.12,0.737,0.062,,-6,0.63,0.64,0.635
20260920_222952,2026-09-20T23:15:06,Anti Model,BTC,SETTLED,KXBTC15M-26SEP210215-15,DOWN,141,0.37,2.7,2.31,54.48,0.0,-54.48,yes,81522.7,81667.99,81615.34,661.64,0.263,-0.123,,-6,0.63,0.64,0.635
20260920_222952,2026-09-20T23:15:06,Value,SOL,SETTLED,KXSOL15M-26SEP210215-15,DOWN,31,0.49,2.04,0.55,15.74,31.0,15.26,no,111.7517,111.83,111.7100,1007.2,0.54,0.032,,-7,0.0,0.001,0.001
20260920_222952,2026-09-20T23:15:06,Model,SOL,SETTLED,KXSOL15M-26SEP210215-15,DOWN,84,0.49,2.04,1.47,42.63,84.0,41.37,no,111.7517,111.83,111.7100,1286.22,0.605,0.097,,-7,0.0,0.001,0.001
20260920_222952,2026-09-20T23:15:06,Model,SOL,SETTLED,KXSOL15M-26SEP210215-15,DOWN,1,0.24,4.17,0.02,0.26,1.0,0.74,no,111.7517,111.83,111.7100,1286.22,0.342,0.09,,-7,0.0,0.001,0.001
20260920_222952,2026-09-20T23:15:06,Late,SOL,SETTLED,KXSOL15M-26SEP210215-15,DOWN,1,0.3,3.33,0.02,0.32,1.0,0.68,no,111.7517,111.83,111.7100,946.4,0.349,0.034,,-7,0.0,0.001,0.001
20260920_222952,2026-09-20T23:15:06,Late,SOL,SETTLED,KXSOL15M-26SEP210215-15,DOWN,5,0.36,2.78,0.09,1.89,5.0,3.11,no,111.7517,111.83,111.7100,946.4,0.449,0.073,,-7,0.0,0.001,0.001
20260920_222952,2026-09-20T23:15:06,Favorite,SOL,SETTLED,KXSOL15M-26SEP210215-15,DOWN,3,0.62,1.61,0.05,1.91,3.0,1.09,no,111.7517,111.83,111.7100,1048.47,0.64,0.003,,-7,0.0,0.001,0.001
20260920_222952,2026-09-20T23:15:06,Anti Value,SOL,SETTLED,KXSOL15M-26SEP210215-15,UP,28,0.54,1.85,0.49,15.61,0.0,-15.61,no,111.7517,111.83,111.7100,967.69,0.46,-0.097,,-7,0.0,0.001,0.001
20260920_222952,2026-09-20T23:15:06,Anti Model,SOL,SETTLED,KXSOL15M-26SEP210215-15,UP,76,0.54,1.85,1.33,42.37,0.0,-42.37,no,111.7517,111.83,111.7100,619.27,0.395,-0.162,,-7,0.0,0.001,0.001
20260920_222952,2026-09-20T23:15:06,Anti Late,SOL,SETTLED,KXSOL15M-26SEP210215-15,UP,2,0.7,1.43,0.03,1.43,0.0,-1.43,no,111.7517,111.83,111.7100,1001.25,0.551,-0.164,,-7,0.0,0.001,0.001
20260920_222952,2026-09-20T23:15:06,Anti Favorite,SOL,SETTLED,KXSOL15M-26SEP210215-15,UP,4,0.41,2.44,0.07,1.71,0.0,-1.71,no,111.7517,111.83,111.7100,937.17,0.36,-0.067,,-7,0.0,0.001,0.001
20260920_222952,2026-09-20T23:15:10,Value,ETH,SETTLED,KXETH15M-26SEP210215-15,DOWN,50,0.4,2.5,0.84,20.84,0.0,-20.84,yes,2664.2,2666.71,2664.39,986.36,0.468,0.051,,-11,0.64,0.66,0.65
20260920_222952,2026-09-20T23:15:10,Model,ETH,SETTLED,KXETH15M-26SEP210215-15,DOWN,1,0.38,2.63,0.02,0.4,0.0,-0.4,yes,2664.2,2666.71,2664.39,1234.02,0.452,0.056,,-11,0.64,0.66,0.65
20260920_222952,2026-09-20T23:15:10,Model,ETH,SETTLED,KXETH15M-26SEP210215-15,DOWN,75,0.36,2.78,1.21,28.21,0.0,-28.21,yes,2664.2,2666.71,2664.39,1234.02,0.453,0.077,,-11,0.64,0.66,0.65
20260920_222952,2026-09-20T23:15:10,Model,ETH,SETTLED,KXETH15M-26SEP210215-15,DOWN,58,0.39,2.56,0.97,23.59,0.0,-23.59,yes,2664.2,2666.71,2664.39,1234.02,0.463,0.056,,-11,0.64,0.66,0.65
20260920_222952,2026-09-20T23:15:10,Late,ETH,SETTLED,KXETH15M-26SEP210215-15,DOWN,5,0.06,16.13,0.03,0.34,0.0,-0.34,yes,2664.2,2666.71,2664.39,945.99,0.143,0.077,,-11,0.64,0.66,0.65
20260920_222952,2026-09-20T23:15:10,Late,ETH,SETTLED,KXETH15M-26SEP210215-15,DOWN,1,0.06,18.18,0.01,0.07,0.0,-0.07,yes,2664.2,2666.71,2664.39,945.99,0.103,0.045,,-11,0.64,0.66,0.65
20260920_222952,2026-09-20T23:15:10,Scalper,ETH,SETTLED,KXETH15M-26SEP210215-15,DOWN,30,0.52,1.92,0.53,16.13,0.0,-16.13,yes,2664.2,2666.71,2664.39,1125.63,0.578,0.041,,-11,0.64,0.66,0.65
20260920_222952,2026-09-20T23:15:10,Favorite,ETH,SETTLED,KXETH15M-26SEP210215-15,DOWN,84,0.64,1.56,1.36,55.12,0.0,-55.12,yes,2664.2,2666.71,2664.39,993.35,0.731,0.074,,-11,0.64,0.66,0.65
20260920_222952,2026-09-20T23:15:10,Anti Value,ETH,SETTLED,KXETH15M-26SEP210215-15,UP,32,0.63,1.59,0.53,20.69,32.0,11.31,yes,2664.2,2666.71,2664.39,977.52,0.532,-0.114,,-11,0.64,0.66,0.65
20260920_222952,2026-09-20T23:15:10,Anti Model,ETH,SETTLED,KXETH15M-26SEP210215-15,UP,41,0.67,1.49,0.64,28.11,41.0,12.89,yes,2664.2,2666.71,2664.39,638.57,0.547,-0.138,,-11,0.64,0.66,0.65
20260920_222952,2026-09-20T23:15:10,Anti Model,ETH,SETTLED,KXETH15M-26SEP210215-15,UP,35,0.64,1.56,0.57,22.97,35.0,12.03,yes,2664.2,2666.71,2664.39,638.57,0.537,-0.119,,-11,0.64,0.66,0.65
20260920_222952,2026-09-20T23:15:10,Anti Scalper,ETH,SETTLED,KXETH15M-26SEP210215-15,UP,21,0.51,1.96,0.37,11.08,21.0,9.92,yes,2664.2,2666.71,2664.39,885.13,0.422,-0.105,,-11,0.64,0.66,0.65
20260920_222952,2026-09-20T23:15:10,Anti Favorite,ETH,SETTLED,KXETH15M-26SEP210215-15,UP,43,0.39,2.56,0.72,17.49,43.0,25.51,yes,2664.2,2666.71,2664.39,962.68,0.269,-0.138,,-11,0.64,0.66,0.65
20260920_222952,2026-09-20T23:15:11,Value,DOGE,SETTLED,KXDOGE15M-26SEP210215-15,DOWN,44,0.19,5.26,0.48,8.84,0.0,-8.84,yes,0.08835,0.08868,0.0885878,977.52,0.232,0.032,,-12,0.65,0.66,0.655
20260920_222952,2026-09-20T23:15:11,Model,DOGE,SETTLED,KXDOGE15M-26SEP210215-15,DOWN,10,0.22,4.55,0.13,2.33,0.0,-2.33,yes,0.08835,0.08868,0.0885878,1205.5,0.287,0.055,,-12,0.65,0.66,0.655
20260920_222952,2026-09-20T23:15:11,Model,DOGE,SETTLED,KXDOGE15M-26SEP210215-15,DOWN,44,0.23,4.35,0.55,10.67,0.0,-10.67,yes,0.08835,0.08868,0.0885878,1205.5,0.299,0.057,,-12,0.65,0.66,0.655
20260920_222952,2026-09-20T23:15:11,Model,DOGE,SETTLED,KXDOGE15M-26SEP210215-15,DOWN,70,0.21,4.76,0.82,15.52,0.0,-15.52,yes,0.08835,0.08868,0.0885878,1205.5,0.29,0.069,,-12,0.65,0.66,0.655
20260920_222952,2026-09-20T23:15:11,Scalper,DOGE,SETTLED,KXDOGE15M-26SEP210215-15,DOWN,41,0.19,5.26,0.45,8.24,0.0,-8.24,yes,0.08835,0.08868,0.0885878,1059.66,0.232,0.032,,-12,0.65,0.66,0.655
20260920_222952,2026-09-20T23:15:11,Scalper,DOGE,SETTLED,KXDOGE15M-26SEP210215-15,DOWN,5,0.26,3.85,0.07,1.37,0.0,-1.37,yes,0.08835,0.08868,0.0885878,1059.66,0.308,0.034,,-12,0.65,0.66,0.655
20260920_222952,2026-09-20T23:15:11,Scalper,DOGE,SETTLED,KXDOGE15M-26SEP210215-15,DOWN,1,0.21,4.76,0.02,0.23,0.0,-0.23,yes,0.08835,0.08868,0.0885878,1059.66,0.252,0.03,,-12,0.65,0.66,0.655
20260920_222952,2026-09-20T23:15:11,Scalper,DOGE,SETTLED,KXDOGE15M-26SEP210215-15,DOWN,13,0.41,2.44,0.23,5.56,0.0,-5.56,yes,0.08835,0.08868,0.0885878,1059.66,0.463,0.036,,-12,0.65,0.66,0.655
20260920_222952,2026-09-20T23:15:11,Scalper,DOGE,SETTLED,KXDOGE15M-26SEP210215-15,DOWN,13,0.39,2.56,0.22,5.29,0.0,-5.29,yes,0.08835,0.08868,0.0885878,1059.66,0.453,0.046,,-12,0.65,0.66,0.655
20260920_222952,2026-09-20T23:15:11,Scalper,DOGE,SETTLED,KXDOGE15M-26SEP210215-15,DOWN,14,0.33,3.03,0.22,4.84,0.0,-4.84,yes,0.08835,0.08868,0.0885878,1059.66,0.428,0.083,,-12,0.65,0.66,0.655
20260920_222952,2026-09-20T23:15:11,Scalper,DOGE,SETTLED,KXDOGE15M-26SEP210215-15,DOWN,30,0.33,3.03,0.47,10.37,0.0,-10.37,yes,0.08835,0.08868,0.0885878,1059.66,0.379,0.034,,-12,0.65,0.66,0.655
20260920_222952,2026-09-20T23:15:11,Scalper,DOGE,SETTLED,KXDOGE15M-26SEP210215-15,DOWN,44,0.25,4.0,0.58,11.58,0.0,-11.58,yes,0.08835,0.08868,0.0885878,1059.66,0.306,0.043,,-12,0.65,0.66,0.655
20260920_222952,2026-09-20T23:15:11,Scalper,DOGE,SETTLED,KXDOGE15M-26SEP210215-15,DOWN,39,0.21,4.76,0.46,8.65,0.0,-8.65,yes,0.08835,0.08868,0.0885878,1059.66,0.256,0.035,,-12,0.65,0.66,0.655
20260920_222952,2026-09-20T23:15:11,Scalper,DOGE,SETTLED,KXDOGE15M-26SEP210215-15,DOWN,49,0.19,5.26,0.53,9.84,0.0,-9.84,yes,0.08835,0.08868,0.0885878,1059.66,0.242,0.041,,-12,0.65,0.66,0.655
20260920_222952,2026-09-20T23:15:11,Anti Value,DOGE,SETTLED,KXDOGE15M-26SEP210215-15,UP,10,0.84,1.19,0.1,8.5,10.0,1.5,yes,0.08835,0.08868,0.0885878,979.02,0.768,-0.081,,-12,0.65,0.66,0.655
20260920_222952,2026-09-20T23:15:11,Anti Model,DOGE,SETTLED,KXDOGE15M-26SEP210215-15,UP,2,0.81,1.23,0.03,1.65,2.0,0.35,yes,0.08835,0.08868,0.0885878,644.25,0.713,-0.108,,-12,0.65,0.66,0.655
20260920_222952,2026-09-20T23:15:11,Anti Model,DOGE,SETTLED,KXDOGE15M-26SEP210215-15,UP,13,0.8,1.25,0.15,10.55,13.0,2.45,yes,0.08835,0.08868,0.0885878,644.25,0.701,-0.11,,-12,0.65,0.66,0.655
20260920_222952,2026-09-20T23:15:11,Anti Model,DOGE,SETTLED,KXDOGE15M-26SEP210215-15,UP,18,0.83,1.2,0.18,15.12,18.0,2.88,yes,0.08835,0.08868,0.0885878,644.25,0.71,-0.13,,-12,0.65,0.66,0.655
20260920_222952,2026-09-20T23:15:11,Anti Scalper,DOGE,SETTLED,KXDOGE15M-26SEP210215-15,UP,9,0.84,1.19,0.09,7.65,9.0,1.35,yes,0.08835,0.08868,0.0885878,897.91,0.768,-0.081,,-12,0.65,0.66,0.655
20260920_222952,2026-09-20T23:15:11,Anti Scalper,DOGE,SETTLED,KXDOGE15M-26SEP210215-15,UP,1,0.78,1.28,0.02,0.8,1.0,0.2,yes,0.08835,0.08868,0.0885878,897.91,0.692,-0.1,,-12,0.65,0.66,0.655
20260920_222952,2026-09-20T23:15:11,Anti Scalper,DOGE,SETTLED,KXDOGE15M-26SEP210215-15,UP,8,0.64,1.56,0.13,5.25,8.0,2.75,yes,0.08835,0.08868,0.0885878,897.91,0.537,-0.119,,-12,0.65,0.66,0.655
20260920_222952,2026-09-20T23:15:11,Anti Scalper,DOGE,SETTLED,KXDOGE15M-26SEP210215-15,UP,7,0.66,1.52,0.11,4.73,7.0,2.27,yes,0.08835,0.08868,0.0885878,897.91,0.547,-0.129,,-12,0.65,0.66,0.655
20260920_222952,2026-09-20T23:15:11,Anti Scalper,DOGE,SETTLED,KXDOGE15M-26SEP210215-15,UP,6,0.7,1.43,0.09,4.29,6.0,1.71,yes,0.08835,0.08868,0.0885878,897.91,0.572,-0.143,,-12,0.65,0.66,0.655
20260920_222952,2026-09-20T23:15:11,Anti Scalper,DOGE,SETTLED,KXDOGE15M-26SEP210215-15,UP,6,0.72,1.39,0.09,4.41,6.0,1.59,yes,0.08835,0.08868,0.0885878,897.91,0.621,-0.113,,-12,0.65,0.66,0.655
20260920_222952,2026-09-20T23:15:11,Anti Scalper,DOGE,SETTLED,KXDOGE15M-26SEP210215-15,UP,10,0.84,1.19,0.1,8.5,10.0,1.5,yes,0.08835,0.08868,0.0885878,897.91,0.744,-0.105,,-12,0.65,0.66,0.655
20260920_222952,2026-09-20T23:15:11,Anti Scalper,DOGE,SETTLED,KXDOGE15M-26SEP210215-15,UP,10,0.85,1.18,0.09,8.59,10.0,1.41,yes,0.08835,0.08868,0.0885878,897.91,0.758,-0.101,,-12,0.65,0.66,0.655
20260920_222952,2026-09-20T23:18:02,Model,BTC,BET,KXBTC15M-26SEP210230-30,UP,117,0.83,1.2,1.16,98.27,,,,81615.34,81753.0,,1200.73,0.893,0.053,entry,717,0.81,0.82,0.815
20260920_222952,2026-09-20T23:18:02,Anti Model,BTC,BET,KXBTC15M-26SEP210230-30,DOWN,465,0.2,5.0,5.21,98.21,,,,81615.34,81753.0,,624.93,0.107,-0.104,entry,717,0.81,0.82,0.815
20260920_222952,2026-09-20T23:19:18,Model,BTC,BET,KXBTC15M-26SEP210230-30,UP,165,0.91,1.1,0.95,151.1,,,,81615.34,81823.65,,1205.16,0.979,0.063,entry,642,0.89,0.9,0.895
20260920_222952,2026-09-20T23:19:18,Anti Model,BTC,BET,KXBTC15M-26SEP210230-30,DOWN,1186,0.12,8.33,8.77,151.09,,,,81615.34,81823.65,,549.64,0.021,-0.106,entry,642,0.89,0.9,0.895
