time,strategy,event,ticker,side,contracts,price,multiplier,fee,cost,payout,pnl,result,strike,btc_price,final_value,balance_after,model_prob,edge
2026-09-20T12:29:13,Value,BET,KXETH15M-26SEP201530-30,DOWN,6,0.7,1.43,0.09,4.29,,,,2627.45,2627.2,,149.69,0.751,0.037
2026-09-20T12:29:13,Model,BET,KXETH15M-26SEP201530-30,DOWN,18,0.7,1.43,0.27,12.87,,,,2627.45,2627.2,,149.09,0.817,0.103
2026-09-20T12:29:13,Late,BET,KXETH15M-26SEP201530-30,DOWN,18,0.7,1.43,0.27,12.87,,,,2627.45,2627.2,,149.09,0.817,0.103
2026-09-20T12:29:13,Scalper,BET,KXETH15M-26SEP201530-30,DOWN,6,0.7,1.43,0.09,4.29,,,,2627.45,2627.2,,149.69,0.751,0.037
2026-09-20T12:29:13,Favorite,BET,KXETH15M-26SEP201530-30,DOWN,18,0.7,1.43,0.27,12.87,,,,2627.45,2627.2,,149.09,0.817,0.103
2026-09-20T12:29:32,Scalper,SOLD,KXETH15M-26SEP201530-30,DOWN,6,0.4,1.43,0.09,4.29,2.29,-2.0,,2627.45,2628.99,,147.48,0.751,0.037
2026-09-20T12:29:32,Scalper,BET,KXETH15M-26SEP201530-30,UP,8,0.6,1.67,0.14,4.94,,,,2627.45,2628.99,,147.48,0.672,0.056
2026-09-20T12:29:36,Late,BET,KXETH15M-26SEP201530-30,DOWN,1,0.33,3.03,0.02,0.35,,,,2627.45,2628.4,,142.38,0.386,0.041
2026-09-20T12:29:41,Model,BET,KXETH15M-26SEP201530-30,DOWN,1,0.26,3.85,0.02,0.28,,,,2627.45,2628.43,,141.16,0.359,0.085
2026-09-20T12:29:47,Scalper,SOLD,KXETH15M-26SEP201530-30,UP,8,0.91,1.67,0.14,4.94,7.22,2.28,,2627.45,2628.29,,150.28,0.672,0.056
2026-09-20T12:30:09,Value,SETTLED,KXETH15M-26SEP201530-30,DOWN,6,0.7,1.43,0.09,4.29,0.0,-4.29,yes,2627.45,2629.44,2627.53,145.71,0.751,0.037
2026-09-20T12:30:09,Model,SETTLED,KXETH15M-26SEP201530-30,DOWN,18,0.7,1.43,0.27,12.87,0.0,-12.87,yes,2627.45,2629.44,2627.53,136.85,0.817,0.103
2026-09-20T12:30:09,Model,SETTLED,KXETH15M-26SEP201530-30,DOWN,1,0.26,3.85,0.02,0.28,0.0,-0.28,yes,2627.45,2629.44,2627.53,136.85,0.359,0.085
2026-09-20T12:30:09,Late,SETTLED,KXETH15M-26SEP201530-30,DOWN,18,0.7,1.43,0.27,12.87,0.0,-12.87,yes,2627.45,2629.44,2627.53,136.78,0.817,0.103
2026-09-20T12:30:09,Late,SETTLED,KXETH15M-26SEP201530-30,DOWN,1,0.33,3.03,0.02,0.35,0.0,-0.35,yes,2627.45,2629.44,2627.53,136.78,0.386,0.041
2026-09-20T12:30:09,Favorite,SETTLED,KXETH15M-26SEP201530-30,DOWN,18,0.7,1.43,0.27,12.87,0.0,-12.87,yes,2627.45,2629.44,2627.53,137.13,0.817,0.103
2026-09-20T12:34:07,Lottery,BET,KXETH15M-26SEP201545-45,DOWN,19,0.07,13.7,0.1,1.49,,,,2627.53,2633.97,,149.69,0.205,0.127
2026-09-20T12:45:07,Lottery,SETTLED,KXETH15M-26SEP201545-45,DOWN,19,0.07,13.7,0.1,1.49,0.0,-1.49,yes,2627.53,2633.57,2634.33,148.51,0.205,0.127
2026-09-20T12:56:20,Model,BET,KXETH15M-26SEP201600-00,DOWN,18,0.15,6.67,0.17,2.87,,,,2634.33,2635.75,,136.17,0.233,0.074
2026-09-20T12:56:46,Value,BET,KXETH15M-26SEP201600-00,DOWN,5,0.37,2.7,0.09,1.94,,,,2634.33,2634.63,,145.44,0.422,0.036
2026-09-20T12:56:46,Model,BET,KXETH15M-26SEP201600-00,DOWN,14,0.37,2.7,0.23,5.41,,,,2634.33,2634.63,,139.25,0.489,0.103
2026-09-20T12:56:46,Scalper,BET,KXETH15M-26SEP201600-00,DOWN,5,0.37,2.7,0.09,1.94,,,,2634.33,2634.63,,150.01,0.422,0.036
2026-09-20T12:57:02,Favorite,BET,KXETH15M-26SEP201600-00,DOWN,7,0.63,1.59,0.12,4.53,,,,2634.33,2633.82,,136.75,0.699,0.052
2026-09-20T12:57:08,Model,BET,KXETH15M-26SEP201600-00,DOWN,9,0.4,2.5,0.16,3.76,,,,2634.33,2634.62,,139.7,0.491,0.075
2026-09-20T12:57:31,Late,BET,KXETH15M-26SEP201600-00,DOWN,6,0.75,1.33,0.08,4.58,,,,2634.33,2633.46,,136.43,0.795,0.032
2026-09-20T12:57:33,Scalper,BET,KXETH15M-26SEP201600-00,DOWN,7,0.67,1.49,0.11,4.8,,,,2634.33,2633.46,,151.14,0.726,0.041
2026-09-20T12:57:51,Late,BET,KXETH15M-26SEP201600-00,DOWN,16,0.8,1.25,0.18,12.98,,,,2634.33,2633.07,,135.88,0.889,0.078
2026-09-20T13:00:07,Value,SETTLED,KXETH15M-26SEP201600-00,DOWN,5,0.37,2.7,0.09,1.94,5.0,3.06,no,2634.33,2632.78,2632.18,148.77,0.422,0.036
2026-09-20T13:00:07,Model,SETTLED,KXETH15M-26SEP201600-00,DOWN,18,0.15,6.67,0.17,2.87,18.0,15.13,no,2634.33,2632.78,2632.18,165.81,0.233,0.074
2026-09-20T13:00:07,Model,SETTLED,KXETH15M-26SEP201600-00,DOWN,14,0.37,2.7,0.23,5.41,14.0,8.59,no,2634.33,2632.78,2632.18,165.81,0.489,0.103
2026-09-20T13:00:07,Model,SETTLED,KXETH15M-26SEP201600-00,DOWN,9,0.4,2.5,0.16,3.76,9.0,5.24,no,2634.33,2632.78,2632.18,165.81,0.491,0.075
2026-09-20T13:00:07,Late,SETTLED,KXETH15M-26SEP201600-00,DOWN,6,0.75,1.33,0.08,4.58,6.0,1.42,no,2634.33,2632.78,2632.18,141.22,0.795,0.032
2026-09-20T13:00:07,Late,SETTLED,KXETH15M-26SEP201600-00,DOWN,16,0.8,1.25,0.18,12.98,16.0,3.02,no,2634.33,2632.78,2632.18,141.22,0.889,0.078
2026-09-20T13:00:07,Scalper,SETTLED,KXETH15M-26SEP201600-00,DOWN,5,0.37,2.7,0.09,1.94,5.0,3.06,no,2634.33,2632.78,2632.18,155.54,0.422,0.036
2026-09-20T13:00:07,Scalper,SETTLED,KXETH15M-26SEP201600-00,DOWN,7,0.67,1.49,0.11,4.8,7.0,2.2,no,2634.33,2632.78,2632.18,155.54,0.726,0.041
2026-09-20T13:00:07,Favorite,SETTLED,KXETH15M-26SEP201600-00,DOWN,7,0.63,1.59,0.12,4.53,7.0,2.47,no,2634.33,2632.78,2632.18,139.6,0.699,0.052
2026-09-20T13:08:55,Model,BET,KXETH15M-26SEP201615-15,DOWN,11,0.34,2.94,0.18,3.92,,,,2632.18,2632.93,,165.24,0.419,0.064
